uuid,region,settlement,brand,krs_name_s,n_city,d_1,d_road,d_city,popul_dens
e4e6e48c-79b6-4b57-8363-bc518750eee8,['Sachsen'],Landkreis,TotalEnergies Truckstop,['Meißen'],Dresden,"438","201","26967","167"
00060712-0006-4444-8888-acdcffffffff,['Sachsen'],Landkreis,Sigmund Hoffmann,['Landkreis Vogtlandkreis'],Chemnitz,"4360","254","62360","163"
e3ab6579-0b05-492e-8e74-c46e47923e71,['Sachsen'],Landkreis,Shell,['Meißen'],Dresden,"1102","7138","14396","167"
799b98aa-ddf5-4ea5-ac15-3b87c9e16c2c,['Sachsen'],Landkreis,,['Sächsische Schweiz-Osterzgebirge'],Dresden,"16","16845","33783","148"
07549ce7-1d29-4166-b64f-17955d9fb69c,['Sachsen'],Landkreis,Shell,['Zwickau'],Chemnitz,"2173","5477","21890","337"
e25a6779-fe06-4bb2-b81a-da4c0ca6724c,['Sachsen'],Landkreis,bft,['Landkreis Vogtlandkreis'],Chemnitz,"1437","10371","52583","163"
6df261d9-e486-499a-b140-81428dc53058,['Sachsen'],Landkreis,bft,['Landkreis Vogtlandkreis'],Leipzig,"7936","8761","100992","163"
e1a15081-261d-9107-e040-0b0a3dfe563c,['Sachsen'],Stadtkreis,HEM,['Leipzig'],Leipzig,"310","6341","4976","2087"
e1a15081-2610-9107-e040-0b0a3dfe563c,['Sachsen'],Stadtkreis,HEM,['Dresden'],Dresden,"602","2260","3092","1726"
e1a15081-2609-9107-e040-0b0a3dfe563c,['Sachsen'],Stadtkreis,HEM,['Chemnitz'],Chemnitz,"837","4058","3104","1134"
e1a15081-25c6-9107-e040-0b0a3dfe563c,['Sachsen'],Landkreis,HEM,['Nordsachsen'],Leipzig,"544","35067","47500","98"
e1a15081-25bf-9107-e040-0b0a3dfe563c,['Sachsen'],Stadtkreis,HEM,['Leipzig'],Leipzig,"624","2494","5580","2087"
e1a15081-25ba-9107-e040-0b0a3dfe563c,['Sachsen'],Landkreis,HEM,['Zwickau'],Chemnitz,"1546","6664","31065","337"
e1a15081-2584-9107-e040-0b0a3dfe563c,['Sachsen'],Landkreis,HEM,['Sächsische Schweiz-Osterzgebirge'],Dresden,"255","3109","16126","148"
f61b0683-9fa8-49b0-90e7-623f5b5d7c48,['Sachsen'],Landkreis,TotalEnergies,['Landkreis Vogtlandkreis'],Chemnitz,"8862","16415","63587","163"
e1a15081-2525-9107-e040-0b0a3dfe563c,['Sachsen'],Landkreis,HEM,['Bautzen'],Dresden,"1334","8877","32574","126"
e1a15081-251f-9107-e040-0b0a3dfe563c,['Sachsen'],Landkreis,HEM,['Zwickau'],Chemnitz,"1672","2073","16297","337"
6f0e103d-3d00-423b-bff7-b191cb59096c,['Sachsen'],Landkreis,Shell,['Mittelsachsen'],Chemnitz,"5715","6343","35381","146"
e1a15081-24dc-9107-e040-0b0a3dfe563c,['Sachsen'],Landkreis,HEM,['Nordsachsen'],Leipzig,"5718","24877","30974","98"
e1a15081-24da-9107-e040-0b0a3dfe563c,['Sachsen'],Landkreis,HEM,['Nordsachsen'],Chemnitz,"198","16257","58767","98"
e1a15081-24be-9107-e040-0b0a3dfe563c,['Sachsen'],Landkreis,HEM,['Bautzen'],Dresden,"3625","6293","18054","126"
e169518b-d317-4429-8bab-19270f2f46ae,['Sachsen'],Landkreis,ARAL,['Landkreis Vogtlandkreis'],Chemnitz,"327","2274","69279","163"
704abd95-f6ba-4b24-a0d0-74efe6fd9f7e,['Sachsen'],Landkreis,ARAL,['Landkreis Vogtlandkreis'],Chemnitz,"1210","3204","65914","163"
0adac893-77c4-42de-b017-cb36da02bed3,['Sachsen'],Stadtkreis,ARAL,['Dresden'],Dresden,"4","3080","2773","1726"
1b6c1e3f-ab7b-4779-a708-63eae93eda54,['Sachsen'],Landkreis,ESSO,['Landkreis Erzgebirgskreis'],Chemnitz,"3","14111","14569","186"
dd979897-df6a-44ad-92de-a555bbd2fe4c,['Sachsen'],Landkreis,Shell,['Mittelsachsen'],Chemnitz,"385","18073","28432","146"
dd1afc97-829b-42ef-b64f-8045a23877e6,['Sachsen'],Landkreis,GO,['Bautzen'],Dresden,"472","25329","56472","126"
dc5b86e3-dbeb-4029-82fa-607c82ae9f36,['Sachsen'],Landkreis,TotalEnergies Autohof,['Zwickau'],Chemnitz,"6469","422","28551","337"
1048ccbc-2c5f-46c8-8e4a-d5380f8c4552,['Sachsen'],Landkreis,ARAL,['Zwickau'],Chemnitz,"162","4514","32634","337"
da9bd0f9-c080-42e5-2936-b93e991f10d6,['Sachsen'],Landkreis,GULF,['Görlitz'],Dresden,"6155","7748","72732","122"
da6c8b69-9845-4fcf-85aa-67b709b164b0,['Sachsen'],Stadtkreis,ESSO,['Dresden'],Dresden,"1633","866","6435","1726"
da422627-848f-429a-adbd-30e8c9b0b3a7,['Sachsen'],Stadtkreis,SB,['Dresden'],Dresden,"1600","10928","11020","1726"
da105a81-a8a9-4679-a6a7-635410d5f97a,['Sachsen'],Landkreis,Shell,['Landkreis Erzgebirgskreis'],Chemnitz,"964","30317","25475","186"
d9ad7367-6afc-4335-b882-e2df60a963f4,['Sachsen'],Stadtkreis,TotalEnergies,['Dresden'],Dresden,"1538","1783","8022","1726"
c21f9238-c5e6-4a5b-985e-89d406166b2d,['Sachsen'],Landkreis,ESSO,['Bautzen'],Dresden,"425","696","48485","126"
005056ba-7cb6-1ed2-bceb-6490870f0d1d,['Sachsen'],Landkreis,STAR,['Landkreis Erzgebirgskreis'],Chemnitz,"6175","25521","45241","186"
74682857-a2a8-4853-aa60-915407523438,['Sachsen'],Stadtkreis,ELAN,['Leipzig'],Leipzig,"529","2516","5984","2087"
d7203f5a-1c7d-41a4-90e1-3ae57e0f760f,['Sachsen'],Landkreis,ARAL,['Mittelsachsen'],Chemnitz,"456","15018","30527","146"
d5e06cac-925a-4b98-bc21-cb01a08329b0,['Sachsen'],Landkreis,ARAL,['Sächsische Schweiz-Osterzgebirge'],Dresden,"463","70","11657","148"
d4289d9b-52f2-4202-ba6e-ae83263bbef0,['Sachsen'],Landkreis,Elf,['Bautzen'],Dresden,"4583","2351","29569","126"
d3cb0bd1-35b0-42d8-924c-9f8799fe99ad,['Sachsen'],Stadtkreis,ARAL,['Leipzig'],Leipzig,"808","3454","4496","2087"
d297ae8b-13a0-4314-b6f3-b697224324c3,['Sachsen'],Landkreis,ARAL,['Görlitz'],Dresden,"2817","5778","84788","122"
d26c0c2d-6f66-4988-ad96-7c5d1486938e,['Sachsen'],Landkreis,OIL!,['Bautzen'],Dresden,"8533","22207","59610","126"
d07bf098-4100-4366-a88c-d94f11de0cee,['Sachsen'],Landkreis,Esso,['Bautzen'],Dresden,"4256","10839","52543","126"
cfafd3c2-533d-4912-82d8-159e69b79ff7,['Sachsen'],Stadtkreis,Shell,['Chemnitz'],Chemnitz,"528","7110","2716","1134"
77d83797-8ecc-4db6-adc2-ac9ec282414f,['Sachsen'],Landkreis,Freie Tankstelle,['Bautzen'],Dresden,"2828","13321","34406","126"
e762102a-f63d-4008-bbba-298466ad86e0,['Sachsen'],Stadtkreis,Q1,['Leipzig'],Leipzig,"1149","4792","4482","2087"
e81c4e1a-167f-43d1-bb5b-aaddf05e3654,['Sachsen'],Landkreis,AVIA,['Landkreis Erzgebirgskreis'],Chemnitz,"1890","6685","15768","186"
0e336311-6214-4e20-8524-125f4df94978,['Sachsen'],Stadtkreis,ELAN,['Leipzig'],Leipzig,"609","8400","5328","2087"
e9c0710b-8efa-47ac-b398-d2477f7670fb,['Sachsen'],Stadtkreis,TotalEnergies,['Chemnitz'],Chemnitz,"624","1812","3211","1134"
eb90b276-b141-47ff-96ba-517c6e9ac81f,['Sachsen'],Stadtkreis,Sprint,['Dresden'],Dresden,"115","1252","6156","1726"
ed745239-5cb4-4c93-9d8b-c7e44284e452,['Sachsen'],Landkreis,ARAL,['Zwickau'],Chemnitz,"159","1538","36240","337"
62c5b3e1-6d19-424e-a8ca-3c3ea7c5946a,['Sachsen'],Landkreis,TotalEnergies,['Nordsachsen'],Chemnitz,"3292","14227","53158","98"
798ff64f-9e25-4717-a6e1-1ce7dc58fcf9,['Sachsen'],Landkreis,TotalEnergies,['Landkreis Erzgebirgskreis'],Chemnitz,"3964","12459","14839","186"
f6f4529a-1828-4628-9c8b-ab54aa44fcfc,['Sachsen'],Landkreis,ARAL,['Zwickau'],Chemnitz,"562","5124","31137","337"
8ca692b9-7c57-40cb-bc36-91769564d53c,['Sachsen'],Landkreis,bft,['Mittelsachsen'],Dresden,"6163","34716","38243","146"
a7da2ff0-3bd4-49bd-a764-fa5258900de6,['Sachsen'],Landkreis,TotalEnergies,['Leipzig'],Leipzig,"8385","3061","34727","2087"
6a95a7a2-eda1-4191-bd48-6d5e5b5e5a45,['Sachsen'],Landkreis,Shell,['Zwickau'],Chemnitz,"2711","2618","36741","337"
13c07bcd-cfe8-4be2-bc32-d518643020d2,['Sachsen'],Landkreis,Kaufland,['Mittelsachsen'],Chemnitz,"1035","15749","29704","146"
244191c9-0c24-4844-b7db-599929a77cab,['Sachsen'],Landkreis,Freie Tankstelle,['Nordsachsen'],Leipzig,"3119","5080","15907","98"
50b300c2-af91-46d8-9c1d-6c4eb5723409,['Sachsen'],Stadtkreis,Shell,['Leipzig'],Leipzig,"947","7235","2257","2087"
7b3aca66-9816-4fad-8968-f6e652f9b625,['Sachsen'],Landkreis,Supermarkt,['Zwickau'],Chemnitz,"190","523","26575","337"
6815f9a4-4191-475e-aa46-2f2df6ed19f7,['Sachsen'],Landkreis,ARAL,['Sächsische Schweiz-Osterzgebirge'],Dresden,"930","5242","18033","148"
e1a15081-260f-9107-e040-0b0a3dfe563c,['Sachsen'],Stadtkreis,HEM,['Dresden'],Dresden,"361","2461","3548","1726"
f8ee3783-8a9b-47a6-b955-501626bfe257,['Sachsen'],Stadtkreis,TotalEnergies,['Dresden'],Dresden,"2091","5293","2116","1726"
fc0236ed-fef0-42c4-a4f2-088741bc435f,['Sachsen'],Landkreis,Q1,['Landkreis Erzgebirgskreis'],Chemnitz,"1498","15388","32840","186"
005056ba-7cb6-1ed2-bceb-7b35c6b18d27,['Sachsen'],Landkreis,STAR,['Landkreis Erzgebirgskreis'],Chemnitz,"1046","15815","32235","186"
ae7952d3-19a9-4803-8b9d-916331a60987,['Sachsen'],Landkreis,Shell,['Görlitz'],Dresden,"0","2604","87074","122"
7e3aa242-1cbb-4d7b-917c-5960c231ac39,['Sachsen'],Landkreis,Shell,['Landkreis Erzgebirgskreis'],Chemnitz,"4263","17496","19733","186"
005056ba-7cb6-1ed2-bceb-c96ccf530d54,['Sachsen'],Landkreis,STAR,['Sächsische Schweiz-Osterzgebirge'],Dresden,"7738","24593","37030","148"
51d4b663-a095-1aa0-e100-80009459e03a,['Sachsen'],Stadtkreis,JET,['Leipzig'],Leipzig,"1488","6251","4340","2087"
2617b945-a09e-4b43-81f3-e369a3b2229a,['Sachsen'],Landkreis,ARAL,['Görlitz'],Dresden,"0","264","83558","122"
7ee38718-5f86-4e15-a859-a3b9e0862cee,['Sachsen'],Stadtkreis,Kaufland,['Dresden'],Dresden,"417","1870","7572","1726"
4f6e9a39-060b-4143-96df-8744b3116b18,['Sachsen'],Landkreis,bft,['Zwickau'],Chemnitz,"0","2229","25983","337"
7c353b75-955b-43ac-8904-b11b16378d46,['Sachsen'],Landkreis,EPT,['Bautzen'],Dresden,"5324","10026","44376","126"
5f15116e-d29a-43b3-b705-2ca0b47b9e23,['Sachsen'],Landkreis,Shell,['Leipzig'],Leipzig,"335","109","24872","2087"
1674639b-579b-49ea-8e6b-7ad8d75c38e0,['Sachsen'],Landkreis,BFT,['Mittelsachsen'],Chemnitz,"5207","6627","12433","146"
e6eb3c95-8307-45e5-83ca-c20440ef38dc,['Sachsen'],Landkreis,OIL! (Automatenstation),['Landkreis Vogtlandkreis'],Leipzig,"4901","10314","82985","163"
005056ba-7cb6-1ed2-bceb-c75ba9decd53,['Sachsen'],Landkreis,STAR,['Bautzen'],Dresden,"1334","7569","32241","126"
e90c3aa7-34b7-43cb-bd6b-440e5944aa51,['Sachsen'],Stadtkreis,ARAL,['Leipzig'],Leipzig,"722","6912","3612","2087"
f55d53da-5bd9-4a06-b42f-09950efaac11,['Sachsen'],Landkreis,TotalEnergies,['Meißen'],Dresden,"802","21094","42628","167"
005056ba-7cb6-1ed2-bceb-c728d2744d53,['Sachsen'],Landkreis,STAR,['Zwickau'],Chemnitz,"1110","9939","40793","337"
0603c159-46dc-453a-baeb-bf91f14dc3d1,['Sachsen'],Landkreis,TotalEnergies,['Sächsische Schweiz-Osterzgebirge'],Dresden,"631","3990","8793","148"
1d6ce6e9-9b7c-4918-af38-53743a58a8b9,['Sachsen'],Landkreis,SB,['Sächsische Schweiz-Osterzgebirge'],Dresden,"544","3792","16623","148"
6a625a13-310c-43fb-8316-4e8027a54510,['Sachsen'],Landkreis,ARAL,['Zwickau'],Chemnitz,"902","8446","31976","337"
005056ba-7cb6-1ed2-bceb-b09f70c64d45,['Sachsen'],Landkreis,STAR,['Sächsische Schweiz-Osterzgebirge'],Dresden,"1039","1240","12386","148"
005056ba-7cb6-1ed2-bceb-b268c0ce4d48,['Sachsen'],Landkreis,STAR,['Landkreis Vogtlandkreis'],Chemnitz,"9670","27366","60958","163"
3b708fcc-654f-4d09-9089-311cf2f11cb3,['Sachsen'],Landkreis,TotalEnergies,['Mittelsachsen'],Chemnitz,"3045","3745","32559","146"
e1a15081-2560-9107-e040-0b0a3dfe563c,['Sachsen'],Landkreis,HEM,['Nordsachsen'],Leipzig,"544","34828","47657","98"
7dddd7b1-387a-488f-9df1-b6909e3367fc,['Sachsen'],Landkreis,TotalEnergies,['Nordsachsen'],Leipzig,"3371","16936","21154","98"
f604797a-7241-4338-bb84-c87bae899d7e,['Sachsen'],Landkreis,ESSO,['Meißen'],Chemnitz,"2561","205","37349","167"
f6b5a3f1-2a2b-441e-a4f6-5833f8aef449,['Sachsen'],Landkreis,TotalEnergies,['Landkreis Erzgebirgskreis'],Chemnitz,"440","31279","26329","186"
fd19625d-e344-460d-aa9a-44684c486b50,['Sachsen'],Landkreis,OIL!,['Landkreis Erzgebirgskreis'],Chemnitz,"1741","14395","32738","186"
a7f875ce-82db-4a4e-aab6-4a162af66423,['Sachsen'],Landkreis,ESSO,['Leipzig'],Leipzig,"0","11843","26177","2087"
005056ba-7cb6-1ed2-bceb-bdab22cd0d4e,['Sachsen'],Stadtkreis,STAR,['Leipzig'],Leipzig,"786","6641","5502","2087"
005056ba-7cb6-1ed2-bceb-bde54a520d4e,['Sachsen'],Stadtkreis,ORLEN,['Chemnitz'],Chemnitz,"1671","6216","2734","1134"
005056ba-7cb6-1ed2-bceb-be1b10ed4d4e,['Sachsen'],Stadtkreis,STAR,['Chemnitz'],Chemnitz,"1386","5581","1537","1134"
005056ba-7cb6-1ed2-bceb-be55633c0d4e,['Sachsen'],Stadtkreis,STAR,['Chemnitz'],Chemnitz,"1005","2894","3788","1134"
005056ba-7cb6-1ed2-bceb-be91db708d4e,['Sachsen'],Landkreis,STAR,['Nordsachsen'],Leipzig,"1662","13228","21819","98"
005056ba-7cb6-1ed2-bceb-bf5b71a7ed50,['Sachsen'],Landkreis,STAR,['Mittelsachsen'],Chemnitz,"1696","1969","12699","146"
f80cc073-157b-4dc9-9582-5c9d538c0e1f,['Sachsen'],Landkreis,ARAL,['Nordsachsen'],Leipzig,"1123","564","7758","98"
4523af2f-3535-47ed-b467-bcb6fe6806d6,['Sachsen'],Landkreis,BFT,['Landkreis Erzgebirgskreis'],Chemnitz,"6561","26123","41490","186"
0868c839-f0cd-4ceb-a53c-4a6de271b606,['Sachsen'],Landkreis,Marktkauf,['Bautzen'],Dresden,"391","816","52358","126"
005056ba-7cb6-1ed2-bceb-c9e3cf8d8d54,['Sachsen'],Stadtkreis,STAR,['Dresden'],Dresden,"1570","1728","4955","1726"
005056ba-7cb6-1ed2-bceb-c01e75192d50,['Sachsen'],Stadtkreis,STAR,['Leipzig'],Leipzig,"292","3785","3395","2087"
2e679868-dea6-496e-a1dd-81221e067fa1,['Sachsen'],Landkreis,Shell,['Mittelsachsen'],Chemnitz,"1259","4079","34697","146"
005056ba-7cb6-1ed2-bceb-c06116ffad50,['Sachsen'],Stadtkreis,STAR,['Leipzig'],Leipzig,"740","5819","5714","2087"
005056ba-7cb6-1ed2-bceb-c09bb8a08d50,['Sachsen'],Landkreis,STAR,['Leipzig'],Leipzig,"2316","5664","10795","2087"
005056ba-7cb6-1ed2-bceb-c0defacf8d50,['Sachsen'],Landkreis,STAR,['Bautzen'],Dresden,"2416","5810","12882","126"
005056ba-7cb6-1ed2-bceb-c115e44f8d50,['Sachsen'],Landkreis,STAR,['Landkreis Erzgebirgskreis'],Chemnitz,"207","342","17207","186"
5ab69944-a2de-4f9d-ba68-5b7e18df1d5f,['Sachsen'],Landkreis,Supermarkt,['Zwickau'],Chemnitz,"562","4982","30616","337"
5b65b4ff-7674-4ab8-abdf-b7ac471899c7,['Sachsen'],Landkreis,AVIA,['Landkreis Erzgebirgskreis'],Chemnitz,"1063","3650","19056","186"
005056ba-7cb6-1ed2-bceb-c187123a0d50,['Sachsen'],Stadtkreis,STAR,['Chemnitz'],Chemnitz,"1005","3602","4509","1134"
68ac3e4b-aadd-4589-8b81-88e1020f01e9,['Sachsen'],Stadtkreis,ARAL,['Chemnitz'],Chemnitz,"83","697","4112","1134"
005056ba-7cb6-1ed2-bceb-c21c941fad50,['Sachsen'],Stadtkreis,STAR,['Chemnitz'],Chemnitz,"2651","3133","5659","1134"
005056ba-7cb6-1ed2-bceb-c359dd860d50,['Sachsen'],Stadtkreis,STAR,['Leipzig'],Leipzig,"713","5846","8479","2087"
8f9cc8c1-b276-4a45-a559-410148f9f63b,['Sachsen'],Landkreis,ARAL,['Landkreis Erzgebirgskreis'],Chemnitz,"197","25441","27616","186"
005056ba-7cb6-1ed2-bceb-c523c4038d53,['Sachsen'],Landkreis,STAR,['Bautzen'],Dresden,"3852","11697","40524","126"
005056ba-7cb6-1ed2-bceb-c5bca24bcd53,['Sachsen'],Landkreis,STAR,['Nordsachsen'],Leipzig,"5718","28222","36467","98"
005056ba-7cb6-1ed2-bceb-c6e8560e6d53,['Sachsen'],Landkreis,STAR,['Meißen'],Dresden,"2340","20675","44660","167"
005056ba-7cb6-1ed2-bceb-c7a02f350d53,['Sachsen'],Landkreis,STAR,['Landkreis Erzgebirgskreis'],Chemnitz,"1063","4207","19386","186"
f6a18beb-1778-4a96-9017-7a41fcee10ed,['Sachsen'],Landkreis,Supermarkt,['Meißen'],Dresden,"1538","2952","7978","167"
005056ba-7cb6-1ed2-bceb-c7d7f7828d53,['Sachsen'],Stadtkreis,ORLEN,['Leipzig'],Leipzig,"1565","4234","5932","2087"
c3eb677a-0f3f-430f-934e-aed6e04b9c38,['Sachsen'],Landkreis,Shell,['Meißen'],Dresden,"5185","7775","25974","167"
005056ba-7cb6-1ed2-bceb-c846a4f64d53,['Sachsen'],Landkreis,STAR,['Meißen'],Dresden,"1546","20032","43961","167"
005056ba-7cb6-1ed2-bceb-c85ea37cad54,['Sachsen'],Landkreis,STAR,['Landkreis Erzgebirgskreis'],Chemnitz,"1078","18626","13647","186"
7fe3c975-298e-4cbd-9903-b9a2f35af8f0,['Sachsen'],Stadtkreis,ARAL,['Dresden'],Dresden,"2173","5786","7821","1726"
f54c9d8b-0bf3-46ab-ad91-3e2b064382f5,['Sachsen'],Stadtkreis,TotalEnergies,['Leipzig'],Leipzig,"1399","7818","3643","2087"
1df669c4-eb22-4902-b819-7346a9abb727,['Sachsen'],Landkreis,TotalEnergies,['Mittelsachsen'],Chemnitz,"4159","10375","30207","146"
9734da8d-6bfe-4eaf-9739-751f0236b85e,['Sachsen'],Landkreis,OIL! (Automatenstation),['Leipzig'],Leipzig,"1908","13689","25777","2087"
e1a15081-251e-9107-e040-0b0a3dfe563c,['Sachsen'],Landkreis,HEM,['Mittelsachsen'],Chemnitz,"2698","223","9280","146"
e88fcbca-b6b0-4ce5-8f61-944c130ea485,['Sachsen'],Landkreis,BFT,['Sächsische Schweiz-Osterzgebirge'],Dresden,"8812","7422","23384","148"
0bf84ca7-71d4-48e8-b770-77636db368fc,['Sachsen'],Landkreis,Supermarkt,['Landkreis Vogtlandkreis'],Chemnitz,"791","9182","51279","163"
2e9ba675-9b4e-4ca6-8154-039c7bc63f9b,['Sachsen'],Landkreis,ARAL,['Leipzig'],Leipzig,"1161","2178","26810","2087"
4cdd4309-ea27-407b-b318-7d1d76e2082a,['Sachsen'],Stadtkreis,ARAL,['Chemnitz'],Chemnitz,"369","217","4529","1134"
b4d96bec-b357-439e-bc21-d0fddd8ef843,['Sachsen'],Landkreis,Shell,['Sächsische Schweiz-Osterzgebirge'],Dresden,"162","1854","11135","148"
c5e60613-527f-485d-9ba2-8998159562eb,['Sachsen'],Landkreis,Shell,['Leipzig'],Leipzig,"335","67","24556","2087"
81e00b02-7cbf-4a98-b8bd-42f360b78e53,['Sachsen'],Landkreis,Marktkauf,['Nordsachsen'],Chemnitz,"245","14974","53652","98"
8c88d6b1-0859-469c-9075-a23a221dd0fe,['Sachsen'],Landkreis,GULF,['Görlitz'],Dresden,"11299","18658","80135","122"
a9c290fb-c4dd-431e-bca6-bc06a6258ff6,['Sachsen'],Landkreis,ARAL,['Mittelsachsen'],Chemnitz,"262","9265","18209","146"
168c3d3c-ef13-49d8-aadd-ef8668eae29c,['Sachsen'],Landkreis,ARAL,['Leipzig'],Leipzig,"3736","6275","16946","2087"
fd98e3a1-1b5e-4ed6-8999-801b2b7a9fc8,['Sachsen'],Stadtkreis,Access,['Leipzig'],Leipzig,"910","8689","2706","2087"
536e086c-5b63-465d-99e6-e4970e6e54ec,['Sachsen'],Stadtkreis,Shell,['Chemnitz'],Chemnitz,"327","373","4341","1134"
01a70cf5-c2d5-449d-9a32-eadc51695cc5,['Sachsen'],Landkreis,ESSO,['Sächsische Schweiz-Osterzgebirge'],Dresden,"7699","4752","23955","148"
a4043b73-4768-4f75-82c8-49cbb7bf87bc,['Sachsen'],Landkreis,Q1,['Landkreis Erzgebirgskreis'],Chemnitz,"5444","27759","35392","186"
45eb2dd4-c301-4688-8183-981c7219cf5b,['Sachsen'],Landkreis,Shell,['Mittelsachsen'],Chemnitz,"1496","5958","11316","146"
83203fbe-0421-4f2f-922f-2c0bc958356d,['Sachsen'],Landkreis,ARAL,['Landkreis Vogtlandkreis'],Leipzig,"7542","18119","87825","163"
92451112-3702-4a4a-af24-c2b18dca6e85,['Sachsen'],Stadtkreis,Shell,['Dresden'],Dresden,"208","1086","4039","1726"
67c23450-e9d1-4f57-b9fe-d6b499025525,['Sachsen'],Landkreis,BFT,['Nordsachsen'],Chemnitz,"5797","6466","49372","98"
79f1e86c-b2d4-45ec-acc4-fd652f1dc681,['Sachsen'],Landkreis,Supermarkt,['Leipzig'],Leipzig,"515","2092","26632","2087"
a986c849-68f7-438b-a7ec-40ed9b3a03ba,['Sachsen'],Stadtkreis,ARAL,['Leipzig'],Leipzig,"730","2136","5131","2087"
026e1252-db5d-459f-944a-15081d9d2c60,['Sachsen'],Landkreis,C&S,['Zwickau'],Chemnitz,"343","5818","33746","337"
dd4dc453-2854-4bc9-ac96-5adee91cb0f9,['Sachsen'],Stadtkreis,TotalEnergies,['Leipzig'],Leipzig,"522","5276","2050","2087"
17a0ce25-a696-4866-75a8-319e50135010,['Sachsen'],Landkreis,GULF,['Landkreis Vogtlandkreis'],Chemnitz,"2770","2881","74147","163"
53ad9d77-a259-40fc-b868-b79cb77086d8,['Sachsen'],Landkreis,ARAL,['Bautzen'],Dresden,"391","680","52107","126"
a8e9198d-accd-4187-88e4-93fd6b3f7654,['Sachsen'],Landkreis,ARAL,['Bautzen'],Dresden,"9594","9634","25192","126"
848e8a2f-7d91-4815-b423-4c8486831465,['Sachsen'],Landkreis,ESSO,['Meißen'],Dresden,"51","125","5510","167"
84a4d403-dbb9-4ad2-8564-35fb46d725e2,['Sachsen'],Landkreis,ARAL,['Sächsische Schweiz-Osterzgebirge'],Dresden,"9645","21661","31158","148"
f804e6d4-fb5e-4c0a-bb30-a5045e9c8f0a,['Sachsen'],Landkreis,ARAL,['Nordsachsen'],Leipzig,"1009","35831","48279","98"
1c7741df-cc64-4ab3-af29-11cb0c370f2c,['Sachsen'],Stadtkreis,ARAL,['Dresden'],Dresden,"5","2711","4989","1726"
991cde6b-d63c-4d4b-ba37-2893be4cf952,['Sachsen'],Stadtkreis,ARAL,['Dresden'],Dresden,"21","2259","4898","1726"
4e17f9cf-7871-4630-d878-d756cffdbe08,['Sachsen'],Landkreis,GULF,['Landkreis Vogtlandkreis'],Chemnitz,"1223","734","54909","163"
8506be4d-1262-446d-bc7a-c21a387e4a36,['Sachsen'],Landkreis,Access,['Mittelsachsen'],Chemnitz,"1190","7250","16707","146"
98936a3d-ae75-4add-a173-6b6938f198f3,['Sachsen'],Landkreis,EPT,['Meißen'],Dresden,"828","19668","42143","167"
b2e37e9b-4d34-4ffa-81bf-edef2c7b4048,['Sachsen'],Stadtkreis,ARAL,['Dresden'],Dresden,"2386","5695","3952","1726"
005056ba-7cb6-1ed2-bceb-bd0355d2cd4e,['Sachsen'],Landkreis,STAR,['Landkreis Erzgebirgskreis'],Chemnitz,"851","9492","32476","186"
805fcd03-38d3-4b94-856f-289f227a7f48,['Sachsen'],Stadtkreis,Access,['Dresden'],Dresden,"0","3376","7005","1726"
8544a6aa-1333-4b0f-ae92-3f973633cbc6,['Sachsen'],Landkreis,EPT,['Meißen'],Dresden,"4530","15826","31327","167"
1f813d4f-79fd-4fdd-8924-dce0c427acc0,['Sachsen'],Landkreis,ARAL,['Görlitz'],Dresden,"1418","34525","76594","122"
9de396c1-f584-43be-88d4-5e3dbbc26b3e,['Sachsen'],Landkreis,M1,['Nordsachsen'],Leipzig,"865","682","10152","98"
e2280916-d176-45bc-a239-6669b1cd10e9,['Sachsen'],Landkreis,ARAL,['Landkreis Erzgebirgskreis'],Chemnitz,"947","200","15550","186"
f193221d-3d5f-4a52-a929-597780f8e043,['Sachsen'],Landkreis,Shell,['Landkreis Vogtlandkreis'],Chemnitz,"16","71","65905","163"
005056ba-7cb6-1ed2-bceb-bff19c2ccd50,['Sachsen'],Landkreis,STAR,['Bautzen'],Dresden,"1593","26937","56821","126"
005056ba-7cb6-1ed2-bceb-c58a064f4d53,['Sachsen'],Landkreis,STAR,['Landkreis Erzgebirgskreis'],Chemnitz,"1757","9178","33190","186"
bdfefb2e-1d30-4613-861d-23aa5c0d0400,['Sachsen'],Landkreis,AVIA,['Görlitz'],Dresden,"0","21178","82918","122"
86df5466-ac61-4295-b19d-75f9305f1583,['Sachsen'],Stadtkreis,Globus SB Warenhaus,['Leipzig'],Leipzig,"970","287","6959","2087"
86f037d7-d8f8-4fad-9aac-f256857725f6,['Sachsen'],Landkreis,Sprint,['Bautzen'],Dresden,"3169","5458","50049","126"
f8a61bff-59cf-4a5d-b4fd-9454237fc52b,['Sachsen'],Landkreis,ARAL,['Mittelsachsen'],Chemnitz,"70","1682","35917","146"
51d4b473-a095-1aa0-e100-80009459e03a,['Sachsen'],Landkreis,JET,['Bautzen'],Dresden,"17","28298","58400","126"
ecf7b020-0e1e-4194-a16c-1ab84a145f8d,['Sachsen'],Stadtkreis,Pinoil,['Chemnitz'],Chemnitz,"9","1044","3606","1134"
1c0a4af1-6d7b-4792-890a-e06fa2e404ea,['Sachsen'],Landkreis,TotalEnergies,['Mittelsachsen'],Chemnitz,"4949","12530","12918","146"
878a57b6-a835-4eef-8e3b-1313332096b1,['Sachsen'],Landkreis,ARAL,['Bautzen'],Dresden,"4642","10286","48621","126"
d2df6d6c-9a64-4b85-9c59-adb424bc9f92,['Sachsen'],Landkreis,ARAL,['Nordsachsen'],Leipzig,"706","590","14460","98"
005056ba-7cb6-1ed2-bceb-bf01ea42cd4e,['Sachsen'],Stadtkreis,STAR,['Dresden'],Dresden,"519","2557","3287","1726"
005056ba-7cb6-1ed2-bceb-c3b0813b8d50,['Sachsen'],Landkreis,STAR,['Landkreis Vogtlandkreis'],Chemnitz,"332","5655","67450","163"
bfa1df7a-fa5b-4e7c-a993-2f7569393e4f,['Sachsen'],Landkreis,AVIA,['Landkreis Erzgebirgskreis'],Chemnitz,"4263","17314","23060","186"
d04c8896-732d-4ebc-b5a3-323955c34c89,['Sachsen'],Landkreis,ARAL,['Nordsachsen'],Leipzig,"2008","36583","49584","98"
88daadb8-b619-4700-b966-5ad8860fa7af,['Sachsen'],Stadtkreis,Bavaria Petrol,['Leipzig'],Leipzig,"526","6023","7767","2087"
e86b7947-4857-4360-a31f-c6daf09124c5,['Sachsen'],Landkreis,ARAL,['Sächsische Schweiz-Osterzgebirge'],Dresden,"463","84","12079","148"
d3adac84-8039-414e-b511-56a8f13d4a1e,['Sachsen'],Landkreis,TotalEnergies,['Meißen'],Chemnitz,"2841","2065","36598","167"
5bd8ce39-5c72-47f8-8938-eaeefb9a795d,['Sachsen'],Landkreis,ARAL,['Landkreis Erzgebirgskreis'],Chemnitz,"1726","19370","34357","186"
8926ff93-6ae1-48a3-867b-04c07282c1e6,['Sachsen'],Landkreis,Esso,['Görlitz'],Dresden,"5769","28960","80815","122"
077cf0c6-f422-4a73-9f03-710294bd24c1,['Sachsen'],Landkreis,ARAL,['Görlitz'],Dresden,"562","2934","87179","122"
066f69fb-c215-418b-9177-89e6ea5e1654,['Sachsen'],Stadtkreis,ARAL,['Chemnitz'],Chemnitz,"359","2564","2764","1134"
06c2ab8f-6978-4f7b-9043-2491c5c0aa98,['Sachsen'],Landkreis,Access,['Zwickau'],Chemnitz,"1828","4555","34602","337"
a0c261a0-7d14-4c17-ae48-99c872ee9bd1,['Sachsen'],Landkreis,ARAL,['Bautzen'],Dresden,"2416","3446","15145","126"
206db8a5-dcf0-4135-803e-df0261feff40,['Sachsen'],Landkreis,GULF,['Nordsachsen'],Leipzig,"3119","1666","15352","98"
e1cd3d90-f0ba-4287-85ff-c0e31660cb5c,['Sachsen'],Landkreis,ARAL,['Nordsachsen'],Chemnitz,"245","15193","53884","98"
06daeb2e-aad2-4b0d-bc9b-65b0b262b5ce,['Sachsen'],Stadtkreis,TotalEnergies,['Leipzig'],Leipzig,"1341","4750","2913","2087"
f267bfcf-b44f-4222-a29b-0b02fbac4f9c,['Sachsen'],Landkreis,Q1,['Görlitz'],Dresden,"1418","33759","77482","122"
8abad435-f632-41d9-a63e-bcb454e443f6,['Sachsen'],Landkreis,ESSO,['Leipzig'],Leipzig,"6785","4622","15374","2087"
707f4b19-8664-4200-a9e7-512edd91a158,['Sachsen'],Stadtkreis,ARAL,['Dresden'],Dresden,"1931","1252","3666","1726"
51d4b625-a095-1aa0-e100-80009459e03a,['Sachsen'],Landkreis,Supermarkt-Tankstelle,['Leipzig'],Leipzig,"4718","1010","11980","2087"
075b667a-cd7b-4257-b301-b0c39e1e1208,['Sachsen'],Stadtkreis,ARAL,['Leipzig'],Leipzig,"2084","2251","6350","2087"
635e8a0a-624e-4475-9a68-351a1143d5d5,['Sachsen'],Landkreis,ESSO,['Landkreis Erzgebirgskreis'],Chemnitz,"11","200","17378","186"
e0e62995-d18a-4fbd-ac1c-45b489722e85,['Sachsen'],Landkreis,ARAL,['Leipzig'],Leipzig,"515","2868","26118","2087"
671bd191-f75a-4a4e-9399-815571925696,['Sachsen'],Landkreis,Shell,['Leipzig'],Leipzig,"2069","9401","21047","2087"
4727371a-32f5-4ccf-bb93-0b3de348b8d0,['Sachsen'],Landkreis,ARAL,['Meißen'],Dresden,"585","12138","22908","167"
f7635a84-20e9-4a02-a172-f8875641af9e,['Sachsen'],Stadtkreis,Q1,['Leipzig'],Leipzig,"7","5369","1864","2087"
8ae88d9f-0f06-492f-a456-f0e7c3ab7526,['Sachsen'],Stadtkreis,ARAL,['Dresden'],Dresden,"1313","10545","9453","1726"
8aeb36d0-208d-4ddf-b870-9de754ad9b16,['Sachsen'],Landkreis,freie Tankstelle,['Landkreis Erzgebirgskreis'],Chemnitz,"3933","24549","22526","186"
51461aa6-cd03-4ca6-8dbc-d169d374f46c,['Sachsen'],Landkreis,Globus SB Warenhaus,['Leipzig'],Leipzig,"1484","2771","7304","2087"
005056ba-7cb6-1ed2-bceb-c6b46580cd53,['Sachsen'],Stadtkreis,STAR,['Dresden'],Dresden,"1151","2230","6233","1726"
1a482152-bfec-49ab-8cb6-9ce417a56e29,['Sachsen'],Landkreis,SB,['Landkreis Vogtlandkreis'],Chemnitz,"739","5338","49867","163"
93e3efba-2ff9-43ec-8bf3-1dd7971bbec4,['Sachsen'],Landkreis,ARAL,['Meißen'],Dresden,"1182","356","18045","167"
8b426790-0bdd-4f6d-a7fe-21308e5ad0bf,['Sachsen'],Stadtkreis,ARAL,['Dresden'],Dresden,"208","1026","4010","1726"
8ca6cf1e-a53a-42a2-9d36-9fae63dfca67,['Sachsen'],Landkreis,ESSO,['Mittelsachsen'],Dresden,"1828","13878","30818","146"
8da97d50-540e-4fdb-d032-7f443a9869a0,['Sachsen'],Landkreis,Freie Tankstelle,['Zwickau'],Chemnitz,"3713","5939","26500","337"
c9762bde-cdab-4f08-b233-ef158d3243d4,['Sachsen'],Landkreis,TotalEnergies,['Landkreis Erzgebirgskreis'],Chemnitz,"1941","3606","15704","186"
c91f6cb9-5c72-431c-aee9-046be47a57bf,['Sachsen'],Stadtkreis,TotalEnergies,['Dresden'],Dresden,"3282","2012","10604","1726"
c860a0d8-bfae-4ba2-af1c-70b349b16ee9,['Sachsen'],Landkreis,TotalEnergies,['Görlitz'],Dresden,"863","8089","79923","122"
8e2f6d59-1bce-4e5b-926f-04ae7ee79b6c,['Sachsen'],Landkreis,OIL!,['Mittelsachsen'],Chemnitz,"8336","22804","22159","146"
8e480cfa-81ec-4ec1-a861-2eb81d6ea26e,['Sachsen'],Landkreis,GO,['Bautzen'],Dresden,"9032","17870","34202","126"
8eb9107c-7276-4ccf-9476-896c8fcbbb7b,['Sachsen'],Landkreis,Shell,['Nordsachsen'],Chemnitz,"7851","33598","73535","98"
c62e6331-74b4-4726-acdd-05102d408015,['Sachsen'],Landkreis,SB,['Bautzen'],Dresden,"1478","10975","35583","126"
f72a03f9-5f38-4dd7-a5dc-4891d57d47b2,['Sachsen'],Landkreis,EPT,['Meißen'],Dresden,"4648","25531","37696","167"
c4c745cb-ae16-46ee-ac8a-75b2cf0a8284,['Sachsen'],Landkreis,Shell,['Landkreis Vogtlandkreis'],Chemnitz,"332","5645","66573","163"
c48bf149-7577-4ce4-b895-d5ee34d79866,['Sachsen'],Landkreis,Shell,['Landkreis Erzgebirgskreis'],Chemnitz,"2798","23924","37475","186"
8f4b000d-4be1-4eee-8299-12bda6aefc8b,['Sachsen'],Landkreis,ELAN,['Landkreis Vogtlandkreis'],Chemnitz,"1209","8203","49339","163"
c33fde8d-19f1-4671-bcc7-6e2f27c421c2,['Sachsen'],Landkreis,TotalEnergies,['Sächsische Schweiz-Osterzgebirge'],Dresden,"2244","659","14178","148"
c2c3abb2-b882-49f6-a8ba-5fa45ef3bae8,['Sachsen'],Landkreis,Q1,['Zwickau'],Chemnitz,"1324","3099","36092","337"
8f9f6473-5e90-462b-9a64-34af835328e9,['Sachsen'],Landkreis,T,['Bautzen'],Dresden,"6943","5551","55201","126"
8fb15a96-01b8-4f93-91ea-65a2bd3c2ef9,['Sachsen'],Landkreis,Shell,['Mittelsachsen'],Chemnitz,"5760","3972","30375","146"
c1852ef2-d735-447f-6b34-ccd47462cd3f,['Sachsen'],Landkreis,freie Tankstelle,['Leipzig'],Leipzig,"5369","1675","16880","2087"
005056ba-7cb6-1ed2-bceb-c63ac360cd53,['Sachsen'],Landkreis,STAR,['Meißen'],Dresden,"2257","14176","29554","167"
90363aa5-3d97-4d23-8345-c479f08f95e8,['Sachsen'],Landkreis,Sprint,['Sächsische Schweiz-Osterzgebirge'],Dresden,"255","3354","16240","148"
bf39a8a9-49f8-4a9a-9f47-eb13aeac3d04,['Sachsen'],Landkreis,OIL!,['Meißen'],Dresden,"1694","4127","9671","167"
0d552f2b-e9d0-47b6-8ab0-de52fa957d4a,['Sachsen'],Landkreis,Freie Tankstelle,['Bautzen'],Dresden,"6099","4504","37531","126"
be41a5ce-de2d-4974-95c5-19d4c719f5e7,['Sachsen'],Stadtkreis,TotalEnergies,['Leipzig'],Leipzig,"1177","6291","3644","2087"
be15faa1-6475-4ec8-99f6-d02c7292923d,['Sachsen'],Landkreis,Shell,['Mittelsachsen'],Chemnitz,"4159","10729","27965","146"
0d805182-1c2e-4bdc-998a-5237f4b4fafe,['Sachsen'],Landkreis,TotalEnergies,['Sächsische Schweiz-Osterzgebirge'],Dresden,"1207","17437","32934","148"
65f1dc7e-f2f9-4b5a-bac4-7298ac54f318,['Sachsen'],Stadtkreis,bft,['Leipzig'],Leipzig,"3","6557","5239","2087"
bd43136d-5114-4a92-a2b1-ca60f1ea9b62,['Sachsen'],Landkreis,ESSO,['Bautzen'],Dresden,"57","5552","33015","126"
90eae4cc-cbbf-4b40-977f-3661c6f1d4a7,['Sachsen'],Stadtkreis,ARAL,['Leipzig'],Leipzig,"642","3442","3957","2087"
bc4a4c57-eb77-46ae-8ef9-d4a1043117fc,['Sachsen'],Landkreis,TotalEnergies,['Landkreis Erzgebirgskreis'],Chemnitz,"2798","25489","34699","186"
bb023dce-fb7b-4e35-ac3a-92dea3c38611,['Sachsen'],Landkreis,TotalEnergies,['Görlitz'],Dresden,"2086","4431","87721","122"
ba6cce0d-df3c-4489-972c-60850040d0b2,['Sachsen'],Stadtkreis,TotalEnergies,['Dresden'],Dresden,"1242","3403","3753","1726"
91c1dd68-f11b-447d-841d-6387f32245d4,['Sachsen'],Stadtkreis,blitz-tank,['Chemnitz'],Chemnitz,"1113","4673","4016","1134"
91f2e9fb-71d6-466f-8e2a-d3fb7895b50d,['Sachsen'],Landkreis,TotalEnergies Autohof,['Mittelsachsen'],Chemnitz,"2665","282","38440","146"
a13a2fb4-2eeb-47a9-8260-a54f03ff5a84,['Sachsen'],Landkreis,ARAL,['Bautzen'],Dresden,"276","81","44536","126"
b8d3c973-642b-4455-9fc2-9a6cd46ce2cd,['Sachsen'],Stadtkreis,ESSO,['Chemnitz'],Chemnitz,"624","2366","2589","1134"
005056ba-7cb6-1ed2-bced-a63862a48e50,['Sachsen'],Landkreis,STAR,['Sächsische Schweiz-Osterzgebirge'],Dresden,"8812","9661","32047","148"
926efdf5-16db-4cd5-96dd-d766359731e3,['Sachsen'],Landkreis,Sprint,['Bautzen'],Dresden,"1375","12136","35893","126"
b519fdad-546d-43e5-80cc-719896108928,['Sachsen'],Landkreis,ARAL,['Zwickau'],Chemnitz,"936","7039","33820","337"
b511c0ea-63db-4183-351f-46012f0465f4,['Sachsen'],Landkreis,GULF,['Nordsachsen'],Leipzig,"2513","8023","24243","98"
92d552da-e569-49b0-bed3-49cf3aea551a,['Sachsen'],Landkreis,BFT,['Mittelsachsen'],Chemnitz,"3890","3678","32392","146"
b3fe7c48-1376-41b0-a4b5-0adfb4640973,['Sachsen'],Landkreis,TotalEnergies,['Leipzig'],Leipzig,"1282","8255","29353","2087"
b2a65c40-066a-4de9-a051-c93a4a20ac1b,['Sachsen'],Landkreis,ARAL,['Leipzig'],Leipzig,"383","123","26133","2087"
b240a9d8-791f-4b80-93c9-fc65138485df,['Sachsen'],Landkreis,ARAL,['Mittelsachsen'],Chemnitz,"3849","1433","12568","146"
b21b2fcf-0f36-46d6-8171-c28e6c855062,['Sachsen'],Landkreis,Q1,['Mittelsachsen'],Chemnitz,"1865","7613","12043","146"
9b2f0df5-90b9-4b5c-9b3d-ff8cb0914660,['Sachsen'],Landkreis,Shell,['Meißen'],Chemnitz,"2841","184","34967","167"
b1d6971c-1198-454e-85e4-87eb362b87b6,['Sachsen'],Landkreis,EPT,['Sächsische Schweiz-Osterzgebirge'],Dresden,"2133","12529","17471","148"
b08d1d24-b295-4dba-8ea8-ea70bef72dfc,['Sachsen'],Landkreis,Marktkauf,['Leipzig'],Leipzig,"1597","2731","7689","2087"
afab5362-c525-4fe8-a0e2-8c0da3511a0b,['Sachsen'],Landkreis,ELAN,['Zwickau'],Chemnitz,"1864","955","13898","337"
af75f061-2a30-4910-89ad-4d7dc6e5835c,['Sachsen'],Landkreis,GULF,['Landkreis Vogtlandkreis'],Chemnitz,"3874","18856","72672","163"
1171f563-0b9e-4469-8df5-d4ff27042817,['Sachsen'],Stadtkreis,Bavaria Petrol,['Leipzig'],Leipzig,"526","6360","7269","2087"
ae8b0d2b-b4c8-4d45-85f3-e5b0f26c9068,['Sachsen'],Stadtkreis,ESSO,['Dresden'],Dresden,"286","3106","6967","1726"
add0d3d2-8198-40bd-83f1-e27b683f3006,['Sachsen'],Landkreis,Sprint,['Zwickau'],Chemnitz,"1864","3053","13499","337"
ad8c8c1a-52f2-46b4-8f0a-07e743af9db9,['Sachsen'],Stadtkreis,ESSO,['Chemnitz'],Chemnitz,"2176","2674","7931","1134"
ad594389-f86e-40d7-8117-a801cb85517c,['Sachsen'],Stadtkreis,ARAL,['Leipzig'],Leipzig,"691","3305","4236","2087"
ad55f746-d2cf-477a-9951-8ee89a0a41b8,['Sachsen'],Landkreis,Q1,['Landkreis Erzgebirgskreis'],Chemnitz,"4651","25808","36643","186"
e1a15081-25c2-9107-e040-0b0a3dfe563c,['Sachsen'],Landkreis,HEM,['Zwickau'],Chemnitz,"102","6688","34818","337"
abb9d593-9ee4-43d9-920e-4488ecf31987,['Sachsen'],Landkreis,OIL!,['Bautzen'],Dresden,"9624","6201","64456","126"
94fb4635-04f4-4154-a1e4-b917125a92ce,['Sachsen'],Landkreis,Frei,['Bautzen'],Dresden,"3151","6380","28682","126"
aacc727f-cc04-45f4-b77a-00c23ce2ca52,['Sachsen'],Landkreis,Sprint,['Görlitz'],Dresden,"7453","26527","68744","122"
9545ade3-4ee8-40f3-83af-96406e5c7919,['Sachsen'],Landkreis,Tankcenter,['Zwickau'],Chemnitz,"645","2931","37476","337"
aa370740-2b57-4b02-84f7-e13fbb9b73ab,['Sachsen'],Landkreis,BFT,['Nordsachsen'],Chemnitz,"198","16074","58595","98"
1299cb51-17aa-4f13-8018-783a7861a463,['Sachsen'],Landkreis,bft,['Meißen'],Dresden,"279","18992","42570","167"
95f27976-ca5a-4931-9416-553c1cbba39e,['Sachsen'],Landkreis,ESSO,['Meißen'],Dresden,"6877","16885","21610","167"
91360525-5403-4bf9-a1b5-a8761be6f18f,['Sachsen'],Stadtkreis,ESSO,['Dresden'],Dresden,"1220","4275","1561","1726"
a98a0081-1b9f-40d9-8730-977a3681e64c,['Sachsen'],Landkreis,Sprint,['Görlitz'],Dresden,"2222","13558","64600","122"
1ed4f596-5b32-48bf-a743-c647378e208b,['Sachsen'],Landkreis,TotalEnergies,['Mittelsachsen'],Chemnitz,"2211","1494","19975","146"
a856ef2f-5815-4a33-a56e-e6197ce93bd1,['Sachsen'],Stadtkreis,TotalEnergies,['Chemnitz'],Chemnitz,"1171","3553","1669","1134"
13a4b59b-ac7c-4786-0286-fb3796057a41,['Sachsen'],Landkreis,GULF,['Görlitz'],Dresden,"7046","15634","68584","122"
9675ba9b-92e3-4ff8-8411-f6b3aab488ca,['Sachsen'],Landkreis,ARAL,['Görlitz'],Dresden,"6654","23435","61755","122"
13ca7d68-0bd2-4cc3-bc4c-dbf78138e1fd,['Sachsen'],Landkreis,BFT,['Landkreis Erzgebirgskreis'],Chemnitz,"4219","15899","36281","186"
96b8c22c-ab91-48fa-8866-d721e2763871,['Sachsen'],Landkreis,Freie Tankstelle,['Bautzen'],Dresden,"762","11539","36941","126"
a597b083-718b-4a7c-bb8e-1bbc4aff8b0f,['Sachsen'],Landkreis,Shell,['Landkreis Erzgebirgskreis'],Chemnitz,"1046","16680","33280","186"
a55f894c-b85e-4246-86e0-2e5493465c02,['Sachsen'],Landkreis,TotalEnergies,['Landkreis Erzgebirgskreis'],Chemnitz,"197","25604","27751","186"
a5141b3c-9d0d-443b-9d14-feb78ba8c4a9,['Sachsen'],Landkreis,ARAL,['Landkreis Erzgebirgskreis'],Chemnitz,"1890","6779","14118","186"
97b089af-351b-4f21-8f39-412f60136ddf,['Sachsen'],Stadtkreis,TotalEnergies,['Leipzig'],Leipzig,"1248","6453","1409","2087"
14ff9630-ccc9-4f11-8d3a-0b5cc7da8844,['Sachsen'],Landkreis,TotalEnergies,['Görlitz'],Dresden,"1235","11407","65398","122"
fef4ebfe-78a5-412c-9dc0-dcb937ba118f,['Sachsen'],Landkreis,TotalEnergies,['Leipzig'],Chemnitz,"1666","2325","28559","2087"
9886775e-3859-43ea-9df0-1574a525cd4d,['Sachsen'],Landkreis,ARAL,['Mittelsachsen'],Chemnitz,"8475","7721","27090","146"
a10c3919-3db1-438c-aeaf-91bf590d35ae,['Sachsen'],Landkreis,ARAL,['Landkreis Erzgebirgskreis'],Chemnitz,"1517","12237","32373","186"
98ae77d0-7471-4281-889d-50d6082bb214,['Sachsen'],Landkreis,Supermarkt,['Meißen'],Dresden,"2432","9849","22616","167"
893278c4-37f8-483e-8b91-43f458972fc0,['Sachsen'],Landkreis,ARAL,['Mittelsachsen'],Chemnitz,"272","96","7056","146"
a0dac661-c56f-465c-ab68-61c9819eced2,['Sachsen'],Landkreis,Q1,['Landkreis Erzgebirgskreis'],Chemnitz,"1941","1834","16500","186"
9f5dc458-cead-43d2-a3ac-5f9fe580a73d,['Sachsen'],Landkreis,GULF,['Görlitz'],Dresden,"6105","14345","85667","122"
3a419ea6-e26f-45d1-b787-590a15273049,['Sachsen'],Landkreis,Shell,['Leipzig'],Leipzig,"2010","440","22899","2087"
99e11a73-76a6-439c-b8e7-a3f8b513e7d3,['Sachsen'],Landkreis,ESSO,['Zwickau'],Chemnitz,"570","2148","27956","337"
9a919959-9450-41b1-a82d-7bee270f10af,['Sachsen'],Landkreis,ARAL,['Landkreis Vogtlandkreis'],Chemnitz,"332","5324","67482","163"
9b91cacb-4ee1-4248-8b01-4fdac9349ca5,['Sachsen'],Landkreis,Supermarkt,['Mittelsachsen'],Chemnitz,"262","9450","18454","146"
9bd5a2a3-3958-4433-2355-810aa7e51462,['Sachsen'],Landkreis,freie Tankstelle,['Landkreis Erzgebirgskreis'],Chemnitz,"1726","19562","35486","186"
e1a15081-25bc-9107-e040-0b0a3dfe563c,['Sachsen'],Stadtkreis,HEM,['Leipzig'],Leipzig,"603","2940","4283","2087"
e1a15081-25c0-9107-e040-0b0a3dfe563c,['Sachsen'],Stadtkreis,HEM,['Leipzig'],Leipzig,"947","5571","3158","2087"
1b008ee6-78ea-4485-ab1d-7212a393b471,['Sachsen'],Landkreis,ARAL,['Bautzen'],Dresden,"1093","1910","51844","126"
f752d92f-2b19-4b19-a6a7-79d509190dd9,['Sachsen'],Landkreis,ARAL,['Landkreis Vogtlandkreis'],Chemnitz,"4036","10509","56410","163"
bf2f59a5-0597-428e-81bb-3212c21e8b23,['Sachsen'],Landkreis,Shell,['Zwickau'],Chemnitz,"0","551","16090","337"
9f39570c-b73f-4981-980a-4e876040b008,['Sachsen'],Landkreis,Shell,['Landkreis Erzgebirgskreis'],Chemnitz,"1588","2121","6417","186"
f32b63b9-02e2-4d96-b6c0-65f138d3ce39,['Sachsen'],Landkreis,Sprint,['Meißen'],Dresden,"2340","19662","45307","167"
1c052df4-0317-4ac0-9d9d-56edf169e2de,['Sachsen'],Stadtkreis,Sprint,['Leipzig'],Leipzig,"305","7707","4842","2087"
1c1ef6cb-4300-4947-8a05-8b638ce306c2,['Sachsen'],Landkreis,ARAL,['Meißen'],Dresden,"472","11769","21814","167"
1c8ab58f-ffa3-400c-b09b-5e25d619174c,['Sachsen'],Landkreis,BFT,['Mittelsachsen'],Dresden,"6163","30347","44115","146"
1d5643e1-8f3f-464d-8583-f63f0c8740ff,['Sachsen'],Stadtkreis,Shell,['Leipzig'],Leipzig,"203","1002","6259","2087"
f77a7cd8-a2a1-4386-8e3b-504124a1387f,['Sachsen'],Stadtkreis,TotalEnergies,['Dresden'],Dresden,"1455","399","6008","1726"
a386726f-ab41-40d9-96e0-9e7ea2d0eb6b,['Sachsen'],Landkreis,TotalEnergies,['Bautzen'],Dresden,"2018","354","14887","126"
1ae8044b-d90d-4491-9e52-74122fa30d75,['Sachsen'],Landkreis,Shell,['Nordsachsen'],Leipzig,"1438","10906","19317","98"
204b51ec-04d9-40c8-9758-4e3c3e40a157,['Sachsen'],Stadtkreis,TotalEnergies Autohof,['Leipzig'],Leipzig,"865","168","9392","2087"
2087485d-656b-4278-b984-b479f53b8101,['Sachsen'],Landkreis,ARAL,['Zwickau'],Chemnitz,"383","4759","33198","337"
215270d5-0cc5-467d-adc0-5737210dd2a2,['Sachsen'],Landkreis,TotalEnergies,['Mittelsachsen'],Chemnitz,"385","17688","28318","146"
218ef706-19c9-4b5e-ae27-211d3f3fedeb,['Sachsen'],Landkreis,TotalEnergies,['Nordsachsen'],Leipzig,"2572","13160","21331","98"
2206592d-54d7-4589-a90e-999b4efec4a6,['Sachsen'],Landkreis,Sprint,['Leipzig'],Leipzig,"8964","15919","35317","2087"
22d3d1c7-28ff-423f-a6e0-aaab62c24e5f,['Sachsen'],Landkreis,Elf,['Landkreis Erzgebirgskreis'],Chemnitz,"2585","1249","18910","186"
fff261ef-ff00-4d2b-8669-ec2f7c57cd93,['Sachsen'],Landkreis,Esso,['Görlitz'],Dresden,"2614","8991","66582","122"
fb9007ec-61a6-48a3-a09c-bfd8ef887d15,['Sachsen'],Stadtkreis,ARAL,['Chemnitz'],Chemnitz,"1225","3831","2024","1134"
005056ba-7cb6-1ed2-bceb-5a8d85348d18,['Sachsen'],Landkreis,STAR,['Leipzig'],Leipzig,"1282","8494","28110","2087"
005056ba-7cb6-1ed2-bceb-5db7af7c4d1b,['Sachsen'],Landkreis,STAR,['Meißen'],Dresden,"2266","2753","8465","167"
005056ba-7cb6-1ed2-bceb-64cbe951cd1d,['Sachsen'],Landkreis,STAR,['Leipzig'],Leipzig,"4771","2190","15731","2087"
af773a21-9586-4068-919c-f2f5d0f4da59,['Sachsen'],Landkreis,Freie+Tankstelle,['Zwickau'],Leipzig,"5074","9654","64276","337"
2754e744-4938-4a6c-8b7f-55a54a1ec57a,['Sachsen'],Landkreis,ARAL,['Meißen'],Dresden,"1102","8171","14745","167"
467eb568-0c7b-4f67-80a4-a846e417bb9b,['Sachsen'],Landkreis,ESSO,['Landkreis Erzgebirgskreis'],Chemnitz,"1078","19685","14433","186"
27be045f-fab9-43aa-aa22-55d352912726,['Sachsen'],Stadtkreis,TotalEnergies,['Dresden'],Dresden,"789","1890","3427","1726"
291177f2-a63b-481f-9f2e-304224ee6282,['Sachsen'],Landkreis,TotalEnergies,['Bautzen'],Dresden,"1218","22424","42897","126"
b31bc185-1298-4656-b48d-a086c9485b8d,['Sachsen'],Landkreis,EPT,['Görlitz'],Dresden,"5241","8272","79559","122"
4a92a231-3d68-4928-9155-5d3534583c57,['Sachsen'],Landkreis,ARAL,['Bautzen'],Dresden,"425","925","48859","126"
2a14f3d9-805f-4b28-acf8-a7d47aeffbb4,['Sachsen'],Landkreis,MINOL,['Sächsische Schweiz-Osterzgebirge'],Dresden,"884","2405","10992","148"
005056ba-7cb6-1ed2-bceb-831997b4cd2d,['Sachsen'],Stadtkreis,STAR,['Chemnitz'],Chemnitz,"375","4460","2104","1134"
aa28a276-d2d4-497e-9a7f-8ff7048887dc,['Sachsen'],Stadtkreis,Shell,['Dresden'],Dresden,"1168","2452","3464","1726"
1ed2209a-d016-45c6-9356-ce8205c0f3aa,['Sachsen'],Landkreis,,['Leipzig'],Chemnitz,"1251","2010","31048","2087"
2bf1c580-bdaf-436b-b970-c7028b22b4ae,['Sachsen'],Stadtkreis,AVIA,['Chemnitz'],Chemnitz,"2185","5696","6201","1134"
2c0a9194-7b4b-4590-bbae-8db8760598c4,['Sachsen'],Landkreis,T,['Bautzen'],Dresden,"1031","1667","50352","126"
2c57c176-1dd3-421e-9dd1-6a170c02ed5d,['Sachsen'],Stadtkreis,ARAL,['Dresden'],Dresden,"1191","1317","4729","1726"
2cd2ad1a-1d54-463e-bdb2-00f49d3f6844,['Sachsen'],Stadtkreis,Sprint,['Chemnitz'],Chemnitz,"167","2062","2650","1134"
2def9ba7-6c17-43df-bce2-0f6eb83b0786,['Sachsen'],Landkreis,ARAL,['Görlitz'],Dresden,"863","7232","79551","122"
bcf7394d-d109-41e9-a51a-0bae0a2ff7ad,['Sachsen'],Landkreis,SB,['Landkreis Erzgebirgskreis'],Chemnitz,"1048","26574","28791","186"
03996f2c-c019-4187-a60b-e0c80788c335,['Sachsen'],Stadtkreis,bft,['Leipzig'],Leipzig,"4","1988","6212","2087"
005056ba-7cb6-1ed2-bceb-b72e2ef04d4a,['Sachsen'],Landkreis,STAR,['Bautzen'],Dresden,"2222","2241","43489","126"
bfa7717e-5122-4a4d-b1ff-f1637100cc30,['Sachsen'],Landkreis,ELAN,['Mittelsachsen'],Chemnitz,"1309","966","10964","146"
1890acc0-7c99-4346-86c0-20ee9c749e21,['Sachsen'],Landkreis,TotalEnergies,['Zwickau'],Chemnitz,"190","341","26533","337"
2f529cc4-4ba1-4044-8128-36fa60faadf8,['Sachsen'],Landkreis,ARAL,['Nordsachsen'],Leipzig,"1123","1528","8470","98"
f3b25b6b-aa92-495b-87bc-0e5819af20d6,['Sachsen'],Landkreis,ARAL,['Zwickau'],Chemnitz,"710","3827","32395","337"
005056ba-7cb6-1ed2-bceb-c2703bea0d50,['Sachsen'],Stadtkreis,STAR,['Dresden'],Dresden,"875","3178","3880","1726"
005056ba-7cb6-1ed2-bceb-c2a67fbc6d50,['Sachsen'],Stadtkreis,STAR,['Chemnitz'],Chemnitz,"1026","1796","3111","1134"
005056ba-7cb6-1ed2-bceb-c322b5658d50,['Sachsen'],Stadtkreis,STAR,['Leipzig'],Leipzig,"642","2858","4478","2087"
005056ba-7cb6-1ed2-bceb-c7f8768dad53,['Sachsen'],Landkreis,ORLEN,['Landkreis Erzgebirgskreis'],Chemnitz,"1918","12403","31633","186"
c1b0124c-e574-4572-9a9e-2aea17c4f6b0,['Sachsen'],Landkreis,ESSO,['Leipzig'],Leipzig,"256","298","24739","2087"
35eaf6fa-807f-4ab6-a5ba-59cd51625d41,['Sachsen'],Landkreis,TotalEnergies,['Landkreis Erzgebirgskreis'],Chemnitz,"3933","28299","26368","186"
30c9ca20-f073-4ba1-96ff-584fb624d72c,['Sachsen'],Landkreis,tankpoint,['Leipzig'],Leipzig,"442","11574","26538","2087"
01874ef0-edca-4c6c-bd97-48904980113c,['Sachsen'],Stadtkreis,TotalEnergies,['Dresden'],Dresden,"602","1936","3046","1726"
318a4a7e-eec0-4ddd-a51f-3e104945660c,['Sachsen'],Landkreis,ARAL,['Mittelsachsen'],Chemnitz,"2485","12108","30720","146"
c2f66b26-5506-48b8-8781-e0de47abfeff,['Sachsen'],Landkreis,ARAL,['Nordsachsen'],Leipzig,"906","24872","31897","98"
328b0449-c884-42ac-9c55-b8ca6a332b6b,['Sachsen'],Landkreis,OIL!,['Bautzen'],Dresden,"7487","21172","51543","126"
32c698b1-9f6a-46da-8109-7e6433b01183,['Sachsen'],Landkreis,ARAL,['Bautzen'],Dresden,"1112","24624","53491","126"
32de4f3b-d8f5-4256-99eb-64309ebc7af4,['Sachsen'],Landkreis,bft,['Leipzig'],Leipzig,"2627","2688","27118","2087"
339d0d90-846e-43c7-b2a8-e81899ad1741,['Sachsen'],Stadtkreis,ARAL,['Chemnitz'],Chemnitz,"528","7609","3241","1134"
33edff55-0b2f-4c5c-a46c-699d4fd3c27d,['Sachsen'],Landkreis,TotalEnergies,['Landkreis Erzgebirgskreis'],Chemnitz,"4063","8130","23730","186"
02fcb5ad-1c69-42b4-adee-df88479d7e87,['Sachsen'],Stadtkreis,ARAL,['Leipzig'],Leipzig,"683","2811","4327","2087"
ecf87968-50db-47f9-9135-fae1919bd36d,['Sachsen'],Stadtkreis,TotalEnergies,['Leipzig'],Leipzig,"1484","3148","7328","2087"
f3e68212-a4dc-4f65-a60d-96f7b1acc642,['Sachsen'],Landkreis,TotalEnergies,['Nordsachsen'],Leipzig,"906","24029","31037","98"
353de610-f7c6-4ff1-a85f-156c32f53afd,['Sachsen'],Landkreis,Esso,['Bautzen'],Dresden,"7401","7121","47630","126"
359524ac-4dff-4d48-9ce7-4a7e94eaa244,['Sachsen'],Landkreis,ESSO,['Zwickau'],Chemnitz,"940","1641","10957","337"
35cfc5c7-6c62-4a94-8a7e-9473ab64c408,['Sachsen'],Landkreis,TotalEnergies,['Zwickau'],Chemnitz,"102","6591","34884","337"
ca954573-b35e-462f-bcef-1d14182288f4,['Sachsen'],Landkreis,Supermarkt,['Zwickau'],Chemnitz,"1032","788","33123","337"
04727fe3-e06d-4af8-b2dd-a75b50cbc116,['Sachsen'],Landkreis,Globus SB Warenhaus,['Landkreis Vogtlandkreis'],Chemnitz,"2770","325","73149","163"
367b78a9-7c3f-47c9-8e8d-5723b343444c,['Sachsen'],Stadtkreis,ARAL,['Dresden'],Dresden,"418","2101","6661","1726"
36b4b812-fede-4f2c-b1b8-c51735325858,['Sachsen'],Stadtkreis,Shell,['Dresden'],Dresden,"742","4206","1790","1726"
6aec1a3e-a2c0-452a-9196-44103f1d8eaf,['Sachsen'],Landkreis,Shell,['Zwickau'],Chemnitz,"902","8484","32021","337"
37dd3327-1a04-444f-9630-a985beaf083e,['Sachsen'],Landkreis,Freie Tankstelle,['Landkreis Vogtlandkreis'],Chemnitz,"791","9217","50489","163"
68854518-076b-4a42-01ec-cc1ef44eb0f1,['Sachsen'],Stadtkreis,CleanCar,['Chemnitz'],Chemnitz,"167","1896","2817","1134"
47efaa68-c36a-4456-825b-1327bb5f7542,['Sachsen'],Landkreis,freie Tankstelle,['Landkreis Erzgebirgskreis'],Chemnitz,"163","19413","42917","186"
38d78423-4345-47b7-bf42-1501b8c9d197,['Sachsen'],Stadtkreis,ARAL,['Dresden'],Dresden,"418","1517","6250","1726"
f92dbc00-135b-491e-a321-f969231142fc,['Sachsen'],Landkreis,,['Görlitz'],Dresden,"1047","19366","79865","122"
63fcf00a-3e4c-4ccf-8f17-939023696cd1,['Sachsen'],Stadtkreis,ARAL,['Leipzig'],Leipzig,"786","7422","5249","2087"
092d415c-4c43-48a5-952d-e1fbbba81a54,['Sachsen'],Landkreis,BFT,['Meißen'],Dresden,"273","23299","48519","167"
636538b1-91a5-45fe-b2fc-d46b809c0310,['Sachsen'],Landkreis,TotalEnergies,['Landkreis Vogtlandkreis'],Chemnitz,"3279","1350","49443","163"
cf5e57bb-05b2-4261-b696-7c5350a2351d,['Sachsen'],Landkreis,Sprint,['Zwickau'],Chemnitz,"738","1696","27422","337"
cfbe6d86-3f43-4717-bbad-f45aee0db320,['Sachsen'],Stadtkreis,ARAL,['Leipzig'],Leipzig,"1281","7776","1489","2087"
618cad21-d760-4a4f-acb5-e30c4051c7ff,['Sachsen'],Landkreis,BFT,['Nordsachsen'],Chemnitz,"708","6182","45705","98"
600e29d9-51fc-413e-990e-7fa2583a118a,['Sachsen'],Landkreis,ARAL,['Bautzen'],Dresden,"5440","627","22493","126"
d0cc384e-acf7-41ff-93cb-fd85ac6fd742,['Sachsen'],Landkreis,BFT,['Mittelsachsen'],Chemnitz,"885","14705","19483","146"
5e44d2ce-4d22-4abe-97d5-761567b8b277,['Sachsen'],Landkreis,ESSO,['Mittelsachsen'],Chemnitz,"1259","2981","35852","146"
5e2e90b0-c3db-4328-34ea-b8272d497251,['Sachsen'],Landkreis,GULF,['Nordsachsen'],Chemnitz,"3248","10107","48984","98"
5e273205-6129-4544-9b35-2de29450329e,['Sachsen'],Landkreis,ARAL,['Meißen'],Dresden,"438","195","27078","167"
3bcd61da-6d83-49f4-a20a-19d5523a7ae8,['Sachsen'],Stadtkreis,TotalEnergies,['Dresden'],Dresden,"2226","3426","1867","1726"
d1dc978b-681c-4ab1-bf36-145c1b979021,['Sachsen'],Landkreis,ARAL,['Sächsische Schweiz-Osterzgebirge'],Dresden,"2133","14493","19020","148"
3bf07b60-de97-4144-8410-68749b4d1f6e,['Sachsen'],Landkreis,Esso,['Sächsische Schweiz-Osterzgebirge'],Dresden,"6780","13985","18789","148"
5cc71122-403e-4a55-89d8-f357a874b3cf,['Sachsen'],Landkreis,Shell,['Zwickau'],Chemnitz,"940","2884","11608","337"
3c44ee73-05de-4edd-887b-774fff56a8cb,['Sachsen'],Landkreis,ELAN,['Bautzen'],Dresden,"57","5507","32982","126"
5bbc1d4f-ae96-4a5c-81c9-6bb90f090f5b,['Sachsen'],Stadtkreis,Shell,['Dresden'],Dresden,"361","2820","3189","1726"
005056ba-7cb6-1ed2-bceb-c1ae95538d50,['Sachsen'],Landkreis,Sonstige,['Sächsische Schweiz-Osterzgebirge'],Dresden,"884","1494","11348","148"
3d43876d-107c-4399-8065-efc704755a63,['Sachsen'],Landkreis,T Xpress,['Sächsische Schweiz-Osterzgebirge'],Dresden,"6780","20343","25569","148"
5965f231-667d-4c12-80b0-4b32325e2760,['Sachsen'],Landkreis,ARAL,['Sächsische Schweiz-Osterzgebirge'],Dresden,"631","3774","8389","148"
595b48a4-b129-494e-8cea-23b15222d1a6,['Sachsen'],Landkreis,ARAL,['Leipzig'],Leipzig,"2198","11121","21983","2087"
3d8645ac-3640-42fe-adb2-2d7cb8129fe5,['Sachsen'],Landkreis,Supermarkt,['Sächsische Schweiz-Osterzgebirge'],Dresden,"2566","6845","16668","148"
57f26166-2862-43df-adb8-4e7aea539c6f,['Sachsen'],Stadtkreis,TotalEnergies,['Dresden'],Dresden,"2209","6407","3708","1726"
67137cc2-d235-4770-95e6-70413f180a1b,['Sachsen'],Stadtkreis,ARAL,['Leipzig'],Leipzig,"747","5655","1728","2087"
d53bab8a-48c2-46d1-b97c-3f2c52510bf5,['Sachsen'],Landkreis,Shell,['Nordsachsen'],Leipzig,"8149","8895","15758","98"
5727d0e7-dda1-4898-a3c7-5a3d60e1cd55,['Sachsen'],Landkreis,TotalEnergies,['Leipzig'],Leipzig,"256","554","24877","2087"
56dadafd-828f-4e1d-9008-1bfe0d85b5ad,['Sachsen'],Landkreis,Shell,['Mittelsachsen'],Chemnitz,"3974","1377","17342","146"
3e90bc3a-01ec-40c2-8b9b-7e2143c0d883,['Sachsen'],Stadtkreis,TotalEnergies,['Leipzig'],Leipzig,"722","6161","4103","2087"
d6b0d010-e1b5-4078-9600-78c52b21950d,['Sachsen'],Landkreis,GO,['Nordsachsen'],Leipzig,"5132","34621","43553","98"
25bbcf0b-95e5-4ccf-8f9c-6621673abe99,['Sachsen'],Stadtkreis,bft,['Leipzig'],Leipzig,"691","2620","4677","2087"
d7d31c1d-0b41-451c-9b46-ac01542d98fc,['Sachsen'],Stadtkreis,ARAL,['Leipzig'],Leipzig,"4214","2116","8877","2087"
530d23f3-c838-4eaf-b6df-65e32432a899,['Sachsen'],Stadtkreis,Tankcenter,['Chemnitz'],Chemnitz,"362","1848","4834","1134"
3cdf8d13-9faa-4bac-bc58-3f490ca70557,['Sachsen'],Stadtkreis,ESSO,['Dresden'],Dresden,"781","284","4593","1726"
52ed69e2-1c00-41c7-9143-308fc6b75fe5,['Sachsen'],Stadtkreis,Shell,['Leipzig'],Leipzig,"527","8116","4778","2087"
52d87455-b7d6-46e7-bbc8-5b35bfdf6584,['Sachsen'],Landkreis,GO,['Görlitz'],Dresden,"4256","15099","53172","122"
d8519c79-59d8-4cab-a2d2-488ad3b726a1,['Sachsen'],Stadtkreis,Tankcenter,['Leipzig'],Leipzig,"808","4104","4296","2087"
51d4b70e-a095-1aa0-e100-80009459e03a,['Sachsen'],Landkreis,JET,['Bautzen'],Dresden,"1031","2897","50504","126"
51d4b6e7-a095-1aa0-e100-80009459e03a,['Sachsen'],Stadtkreis,JET,['Chemnitz'],Chemnitz,"83","601","4192","1134"
51d4b6c2-a095-1aa0-e100-80009459e03a,['Sachsen'],Landkreis,Supermarkt-Tankstelle,['Zwickau'],Chemnitz,"570","2285","28502","337"
51d4b6a5-a095-1aa0-e100-80009459e03a,['Sachsen'],Stadtkreis,JET,['Dresden'],Dresden,"781","78","5057","1726"
51d4b690-a095-1aa0-e100-80009459e03a,['Sachsen'],Landkreis,Supermarkt-Tankstelle,['Meißen'],Dresden,"279","18850","42776","167"
51d4b669-a095-1aa0-e100-80009459e03a,['Sachsen'],Landkreis,JET,['Meißen'],Dresden,"51","102","5501","167"
51d4b668-a095-1aa0-e100-80009459e03a,['Sachsen'],Landkreis,JET,['Zwickau'],Chemnitz,"1293","11160","39967","337"
51d4b665-a095-1aa0-e100-80009459e03a,['Sachsen'],Stadtkreis,JET,['Dresden'],Dresden,"1313","10369","8164","1726"
51d4b656-a095-1aa0-e100-80009459e03a,['Sachsen'],Landkreis,JET,['Zwickau'],Chemnitz,"343","6096","33542","337"
4017cfb6-6035-46dd-b7a9-55b79fe20d97,['Sachsen'],Landkreis,EPT,['Görlitz'],Dresden,"7046","22452","71217","122"
f99dff86-e100-46b3-a8d3-54216c300b27,['Sachsen'],Landkreis,TotalEnergies,['Mittelsachsen'],Chemnitz,"885","14568","18659","146"
51d4b605-a095-1aa0-e100-80009459e03a,['Sachsen'],Landkreis,Supermarkt-Tankstelle,['Zwickau'],Chemnitz,"3250","7816","37891","337"
51d4b5d1-a095-1aa0-e100-80009459e03a,['Sachsen'],Landkreis,Supermarkt-Tankstelle,['Sächsische Schweiz-Osterzgebirge'],Dresden,"2467","1253","6122","148"
40703eda-e0ec-4cc2-baec-4da729715fb5,['Sachsen'],Landkreis,BFT,['Landkreis Erzgebirgskreis'],Chemnitz,"9949","22037","34743","186"
51d4b58c-a095-1aa0-e100-80009459e03a,['Sachsen'],Landkreis,JET,['Sächsische Schweiz-Osterzgebirge'],Dresden,"1622","5817","15236","148"
51d4b560-a095-1aa0-e100-80009459e03a,['Sachsen'],Stadtkreis,JET,['Leipzig'],Leipzig,"2065","865","8175","2087"
dab92e4c-b156-4075-a5da-201bd98efcb6,['Sachsen'],Landkreis,GO,['Landkreis Erzgebirgskreis'],Chemnitz,"3743","26787","27858","186"
51d4b529-a095-1aa0-e100-80009459e03a,['Sachsen'],Landkreis,JET,['Mittelsachsen'],Chemnitz,"456","14562","30534","146"
0e4638dc-c2e5-41b8-b6dd-e5f38df5ea95,['Sachsen'],Landkreis,ELAN,['Landkreis Erzgebirgskreis'],Chemnitz,"3964","8464","11407","186"
51d4b4ef-a095-1aa0-e100-80009459e03a,['Sachsen'],Landkreis,JET,['Landkreis Vogtlandkreis'],Chemnitz,"739","5045","49263","163"
3c03d801-adcd-4315-9af3-3e6602b981a8,['Sachsen'],Landkreis,EPT,['Meißen'],Dresden,"585","12600","22838","167"
51d4b490-a095-1aa0-e100-80009459e03a,['Sachsen'],Stadtkreis,JET,['Dresden'],Dresden,"1318","473","7309","1726"
dbd9d68d-c046-429c-b0af-d050c27f06a2,['Sachsen'],Landkreis,BFT,['Zwickau'],Chemnitz,"733","3593","37926","337"
41a770d5-eaaf-4834-bcec-653a64ab6c1c,['Sachsen'],Landkreis,SB-Markttankstelle,['Landkreis Vogtlandkreis'],Chemnitz,"332","5314","66414","163"
41d0da1c-cbc2-4d21-b5eb-9f9990ff3e38,['Sachsen'],Landkreis,ARAL,['Leipzig'],Leipzig,"3736","2574","15177","2087"
4e556017-3ff4-4af6-87bc-13a2c6ec98ee,['Sachsen'],Landkreis,Shell,['Zwickau'],Chemnitz,"189","1932","33380","337"
4db3d30a-dcad-49e3-9cef-610f2f2d0eb1,['Sachsen'],Landkreis,Sprint,['Görlitz'],Dresden,"4236","18929","56389","122"
4a9d9abb-20e6-4433-9e33-5e4550a64d07,['Sachsen'],Landkreis,ESSO,['Mittelsachsen'],Chemnitz,"2211","391","21946","146"
cff30c13-0529-45b6-864a-00d2cedeeb04,['Sachsen'],Stadtkreis,ARAL,['Dresden'],Dresden,"792","1286","4424","1726"
06272de7-4d3c-49cc-b164-eb2495c5511e,['Sachsen'],Landkreis,ELAN,['Zwickau'],Chemnitz,"745","2631","10374","337"
e1a15081-261e-9107-e040-0b0a3dfe563c,['Sachsen'],Stadtkreis,HEM,['Leipzig'],Leipzig,"1314","2325","4903","2087"
49241ed5-714b-4118-92f1-b447cfd7e001,['Sachsen'],Landkreis,ARAL,['Zwickau'],Chemnitz,"3524","159","32777","337"
4681f2e6-fb5f-4dd6-bb6f-62f8b07d0858,['Sachsen'],Landkreis,Globus SB Warenhaus,['Bautzen'],Dresden,"1112","25056","54511","126"
453c277e-6ca6-49b8-acbd-a82d6bd25bf1,['Sachsen'],Landkreis,ARAL,['Leipzig'],Leipzig,"895","3149","25924","2087"
e1a15081-24bc-9107-e040-0b0a3dfe563c,['Sachsen'],Landkreis,HEM,['Mittelsachsen'],Chemnitz,"1190","6113","15539","146"
44f31744-0283-4fe2-9e2c-67ba7a754726,['Sachsen'],Landkreis,SB,['Bautzen'],Dresden,"4693","19935","50081","126"
005056ba-7cb6-1ed2-bceb-bf3885504d4e,['Sachsen'],Landkreis,STAR,['Mittelsachsen'],Chemnitz,"1865","6386","10386","146"
005056ba-7cb6-1ed2-bceb-becc771dcd4e,['Sachsen'],Stadtkreis,ORLEN,['Dresden'],Dresden,"354","2339","4546","1726"
44aa3b08-9bbb-4d33-9c8f-2500ef62f6c8,['Sachsen'],Landkreis,Globus SB Warenhaus,['Zwickau'],Chemnitz,"188","4498","32819","337"
4479aa12-7476-46da-84e0-bbdef1b5c0c6,['Sachsen'],Landkreis,ESSO,['Nordsachsen'],Leipzig,"232","2419","10755","98"
e0b4e199-3dcf-4584-e58e-b7d4cd0af329,['Sachsen'],Landkreis,GULF,['Leipzig'],Chemnitz,"6001","3297","42257","2087"
43cbaba4-c15d-43d2-56bd-d57a4b92698b,['Sachsen'],Landkreis,Freie Tankstelle,['Landkreis Erzgebirgskreis'],Chemnitz,"6034","13832","46891","186"
437a650c-d757-4418-901c-52a06e7b6238,['Sachsen'],Landkreis,ARAL,['Landkreis Erzgebirgskreis'],Chemnitz,"163","19567","43072","186"
f9d88326-1daf-45d6-b5a2-e1b92044d03f,['Sachsen'],Landkreis,ESSO,['Görlitz'],Dresden,"1047","20006","79741","122"
431170c0-24bf-47f3-85ca-46a2b307eefd,['Sachsen'],Stadtkreis,TotalEnergies,['Chemnitz'],Chemnitz,"849","8458","4085","1134"
43241294-1ebd-499b-b871-ffa740e18859,['Sachsen'],Landkreis,TotalEnergies,['Landkreis Vogtlandkreis'],Chemnitz,"1210","2957","64746","163"
c9e5a4b5-2c22-4e6b-9816-376bffe91a5f,['Sachsen'],Landkreis,PIN Service-Station,['Landkreis Erzgebirgskreis'],Chemnitz,"1900","8899","28302","186"
f9d9f2ce-a4cf-45df-9343-21ee77746e0d,['Sachsen'],Landkreis,BFT,['Zwickau'],Leipzig,"645","2287","58587","337"
1108325c-68b4-448d-b14d-4b319696585d,['Sachsen'],Landkreis,ARAL,['Meißen'],Dresden,"4648","29119","42220","167"
121f7cff-033e-49d9-82c4-34c501949413,['Sachsen'],Stadtkreis,ARAL,['Dresden'],Dresden,"41","3523","7500","1726"
45870418-d16e-40e2-852c-8dd927e0de8c,['Sachsen'],Landkreis,Shell,['Nordsachsen'],Leipzig,"1662","11570","20237","98"
fb0da187-9095-4ffc-86ae-ea444d4d71c0,['Sachsen'],Landkreis,ESSO,['Nordsachsen'],Leipzig,"5","18420","24257","98"
0ededd2c-381c-45fc-830e-efe32fba2bc2,['Sachsen'],Stadtkreis,ESSO,['Chemnitz'],Chemnitz,"1225","3776","3238","1134"
4b57ad4b-8b70-45fc-869f-e613a6294ce9,['Sachsen'],Stadtkreis,ESSO,['Leipzig'],Leipzig,"292","3493","3671","2087"
9feb1add-e019-4774-be19-83e7e5023a74,['Sachsen'],Stadtkreis,TOTAL,['Leipzig'],Leipzig,"3079","7994","8027","2087"
4ca0f011-2d22-4ff6-832e-cee46038aaa2,['Sachsen'],Landkreis,Sprint,['Meißen'],Dresden,"472","11285","21434","167"
195de2d8-8dc1-4652-bc00-e2c51383f004,['Sachsen'],Landkreis,ESSO,['Landkreis Erzgebirgskreis'],Chemnitz,"1989","25152","30087","186"
faa4edcf-465a-4120-9dc1-eab64c7cbe92,['Sachsen'],Landkreis,Q1,['Meißen'],Dresden,"1190","12015","34563","167"
51d4b48a-a095-1aa0-e100-80009459e03a,['Sachsen'],Landkreis,JET,['Landkreis Erzgebirgskreis'],Chemnitz,"947","1058","16080","186"
fb0a1235-f108-4a50-b7d2-edf2b5d37051,['Sachsen'],Landkreis,Sprint,['Meißen'],Dresden,"841","10570","21219","167"
51d4b53f-a095-1aa0-e100-80009459e03a,['Sachsen'],Stadtkreis,JET,['Chemnitz'],Chemnitz,"357","2067","2730","1134"
3a12a36c-edb3-4568-a783-c5ced061bbe9,['Sachsen'],Landkreis,TotalEnergies,['Bautzen'],Dresden,"0","9778","35264","126"
1e856ac3-76f5-402c-803f-f05f2d577de3,['Sachsen'],Stadtkreis,Shell,['Chemnitz'],Chemnitz,"1600","1259","5863","1134"
ef12caa4-e3af-4c98-a881-9d09a84e7849,['Sachsen'],Stadtkreis,Sprint,['Dresden'],Dresden,"41","3514","7540","1726"
51d4b5e6-a095-1aa0-e100-80009459e03a,['Sachsen'],Landkreis,JET,['Zwickau'],Chemnitz,"745","1869","9737","337"
c1aa8a30-dfd3-4b0b-b484-d53f57279506,['Sachsen'],Landkreis,AVIA,['Mittelsachsen'],Chemnitz,"18","5256","12667","146"
b65545c8-c86a-412a-8618-24b90a8463e3,['Sachsen'],Landkreis,SB-Markttankstelle,['Bautzen'],Dresden,"472","25364","56788","126"
8ae394b5-d2dd-423d-ad2c-c37ff41326a8,['Sachsen'],Landkreis,Shell,['Landkreis Vogtlandkreis'],Chemnitz,"1","79","71326","163"
494ee1c1-400b-49bf-9afa-c6205013e3ba,['Sachsen'],Stadtkreis,Freie Tankstelle,['Chemnitz'],Chemnitz,"1","2838","2413","1134"
51d4b63c-a095-1aa0-e100-80009459e03a,['Sachsen'],Landkreis,Supermarkt-Tankstelle,['Landkreis Vogtlandkreis'],Leipzig,"2360","7735","91770","163"
51d4b667-a095-1aa0-e100-80009459e03a,['Sachsen'],Stadtkreis,JET,['Leipzig'],Leipzig,"310","6420","4783","2087"
dae5f89f-f3e4-438d-92fe-cc4b59857cd1,['Sachsen'],Landkreis,ARAL,['Landkreis Vogtlandkreis'],Chemnitz,"4","3482","47228","163"
28081e8a-6944-49c2-bf1b-283c81056e1b,['Sachsen'],Landkreis,ARAL,['Meißen'],Dresden,"744","13265","30942","167"
44531d7a-4f95-49ed-8127-7e010faa126b,['Sachsen'],Landkreis,Shell,['Bautzen'],Dresden,"0","72","44260","126"
284297a3-c05b-41e8-84a1-8513a1869644,['Sachsen'],Stadtkreis,TotalEnergies,['Dresden'],Dresden,"1170","4357","4333","1726"
977180a3-ed90-4ac8-9fb4-3aaaa680c63d,['Sachsen'],Landkreis,bft,['Leipzig'],Leipzig,"7","3716","14035","2087"
3333871d-3109-4fe8-a4f1-69ec6f3bc22c,['Sachsen'],Landkreis,tankpoint,['Bautzen'],Dresden,"762","12413","36885","126"
d8a545c5-65b7-4e9b-bde5-c11679879cca,['Sachsen'],Landkreis,Supermarkt,['Görlitz'],Dresden,"1383","33905","75230","122"
b52f0aec-14e0-45c3-a7a3-8f9490ac2c92,['Sachsen'],Landkreis,ARAL,['Meißen'],Dresden,"1253","2009","7415","167"
7a91b8a0-a821-41f3-8748-213797564972,['Sachsen'],Landkreis,Tankstelle,['Sächsische Schweiz-Osterzgebirge'],Dresden,"0","12784","24395","148"
590a0519-ba3f-4d38-aead-89fee1f84e31,['Sachsen'],Landkreis,TotalEnergies,['Meißen'],Dresden,"1190","12972","33916","167"
37c10c86-b6bf-4674-84a3-b5005adb896e,['Sachsen'],Landkreis,Q1,['Landkreis Erzgebirgskreis'],Chemnitz,"2832","22676","30597","186"
59118d66-4c3a-47f3-b6f3-0e9d8193bb6e,['Sachsen'],Landkreis,ARAL,['Sächsische Schweiz-Osterzgebirge'],Dresden,"930","4313","17726","148"
fc096eb8-d31d-4640-be4e-9fdef7a27b68,['Sachsen'],Stadtkreis,TotalEnergies,['Dresden'],Dresden,"3021","9183","5924","1726"
59af0a78-f97c-4a92-a773-4bfa4fe2cab1,['Sachsen'],Stadtkreis,GO,['Leipzig'],Leipzig,"305","7543","4701","2087"
3a17dbe1-4a87-437a-bd1b-ce0734b02daf,['Sachsen'],Stadtkreis,ARAL,['Chemnitz'],Chemnitz,"366","1740","3094","1134"
22cc8944-29bc-487e-f035-962c01a7aa47,['Sachsen'],Landkreis,GULF,['Görlitz'],Dresden,"3385","3964","77847","122"
5c196f8a-6b17-4e52-b174-74446ce01870,['Sachsen'],Landkreis,Tankcenter,['Mittelsachsen'],Chemnitz,"1651","13038","28861","146"
4a17fd29-3033-43f7-8815-032c9e46f113,['Sachsen'],Landkreis,ARAL,['Zwickau'],Chemnitz,"1110","10697","40285","337"
4b5a018a-66e3-4b7e-ab26-7a3ab17c8ff3,['Sachsen'],Stadtkreis,Supermarkt,['Leipzig'],Leipzig,"203","765","6423","2087"
5d0f2c5a-b3f1-45a9-835b-22de1a0b8ba7,['Sachsen'],Landkreis,bft,['Landkreis Vogtlandkreis'],Chemnitz,"1969","8699","47972","163"
51d4b526-a095-1aa0-e100-80009459e03a,['Sachsen'],Landkreis,JET,['Landkreis Erzgebirgskreis'],Chemnitz,"851","9448","31890","186"
51d4b546-a095-1aa0-e100-80009459e03a,['Sachsen'],Stadtkreis,JET,['Dresden'],Dresden,"742","2898","2321","1726"
51d4b580-a095-1aa0-e100-80009459e03a,['Sachsen'],Stadtkreis,Supermarkt-Tankstelle,['Chemnitz'],Chemnitz,"1181","1017","5672","1134"
fc38c9fd-7fec-4d10-9115-c41444416b0e,['Sachsen'],Landkreis,Markenfreie TS,['Leipzig'],Leipzig,"1161","3276","26813","2087"
9eef3035-fdb4-4e3a-a71e-4149daa392e5,['Sachsen'],Stadtkreis,ESSO,['Dresden'],Dresden,"748","1465","3741","1726"
5224e8f8-9c45-4c40-9f83-0c6df48f40e8,['Sachsen'],Landkreis,Sprint,['Mittelsachsen'],Chemnitz,"3805","3861","18730","146"
efd9cd36-fd0c-41f2-8841-7fa0596577a3,['Sachsen'],Landkreis,BFT,['Mittelsachsen'],Chemnitz,"4443","8844","30317","146"
56515c41-8c51-4792-8f1f-7b4cd9645db4,['Sachsen'],Landkreis,TotalEnergies,['Mittelsachsen'],Chemnitz,"2966","1610","8556","146"
65fe3547-4872-46c1-8ace-7e7ef44a6444,['Sachsen'],Landkreis,Shell,['Zwickau'],Chemnitz,"3417","309","11552","337"
60f44e8b-2eab-40bf-9ba5-685a5dc5f6e3,['Sachsen'],Landkreis,Shell,['Sächsische Schweiz-Osterzgebirge'],Dresden,"1502","2291","7860","148"
61666b41-b5e1-46cc-8e20-435395e3cd90,['Sachsen'],Landkreis,Shell,['Mittelsachsen'],Chemnitz,"272","52","7006","146"
74d202f4-55ed-4499-bb95-fcba5a93cb14,['Sachsen'],Landkreis,TotalEnergies,['Landkreis Vogtlandkreis'],Chemnitz,"1223","1945","54279","163"
774d11ed-59b2-4539-8590-09cf81a785f4,['Sachsen'],Landkreis,Calpam,['Landkreis Vogtlandkreis'],Chemnitz,"3538","5517","52641","163"
630f9bf3-009f-4370-9539-8643583d3481,['Sachsen'],Landkreis,ARAL,['Landkreis Erzgebirgskreis'],Chemnitz,"2520","6882","25783","186"
806b21f9-d492-42aa-a7cd-b76c4e4837e4,['Sachsen'],Stadtkreis,GO,['Leipzig'],Leipzig,"721","2775","4994","2087"
8d439c5f-ff9e-4904-8c4a-e586e86f0f58,['Sachsen'],Landkreis,Shell,['Meißen'],Dresden,"1942","10012","16439","167"
b29ff104-bdb2-43f7-b026-711c99f10b00,['Sachsen'],Landkreis,Shell,['Mittelsachsen'],Chemnitz,"2947","5670","7166","146"
661d8e77-3699-4f18-1218-4a1efabb1e51,['Sachsen'],Landkreis,GULF,['Mittelsachsen'],Dresden,"2802","9851","29816","146"
bc59bf64-0d4d-417e-ab52-ad71d53b7c83,['Sachsen'],Landkreis,ESSO,['Bautzen'],Dresden,"1705","14617","46263","126"
d73876f0-823c-4705-b8b3-b40e88c41843,['Sachsen'],Stadtkreis,ARAL,['Leipzig'],Leipzig,"910","8495","3502","2087"
67d91e45-e10f-4036-a270-adc68ecef1d8,['Sachsen'],Landkreis,Sprint,['Bautzen'],Dresden,"1218","23204","44082","126"
69cac5f7-4337-4d6d-a481-38bf4a387676,['Sachsen'],Landkreis,TotalEnergies,['Mittelsachsen'],Chemnitz,"70","1627","35976","146"
00060280-0004-4444-8888-acdcffffffff,['Sachsen'],Landkreis,Sigmund Hoffmann,['Landkreis Vogtlandkreis'],Chemnitz,"327","1932","69287","163"
6a50df06-19b6-4e68-b143-7f2df9187b56,['Sachsen'],Landkreis,ARAL,['Landkreis Vogtlandkreis'],Chemnitz,"1912","4657","47352","163"
6a650211-e8f6-442f-8507-2ca60c0131d6,['Sachsen'],Landkreis,ARAL,['Leipzig'],Leipzig,"1597","4323","6093","2087"
f5f45e04-0c02-4336-bbb8-9a761970ed0b,['Sachsen'],Stadtkreis,TotalEnergies,['Leipzig'],Leipzig,"2696","3653","6327","2087"
f5f53929-0391-484e-9605-8110bc51dd52,['Sachsen'],Landkreis,TotalEnergies,['Meißen'],Dresden,"1151","19782","41114","167"
6c9a4c9f-1f5f-4130-b2d2-dcc4d34350a8,['Sachsen'],Stadtkreis,Sprint,['Dresden'],Dresden,"417","1803","7974","1726"
6e661e05-fe9a-46d0-8b33-e31f13fac7b9,['Sachsen'],Stadtkreis,AGIP ENI,['Dresden'],Dresden,"2976","1179","7774","1726"
d531da26-4df6-479d-87ce-432ce423c3e6,['Sachsen'],Landkreis,AGIP ENI,['Landkreis Vogtlandkreis'],Chemnitz,"1707","11845","52641","163"
0aab36fa-ac5c-420d-ab50-826a72b18caf,['Sachsen'],Landkreis,AGIP ENI,['Landkreis Vogtlandkreis'],Chemnitz,"3874","15154","73270","163"
e5a8f51b-c9b3-463a-b4be-bc8ff75eb7b1,['Sachsen'],Stadtkreis,AGIP ENI,['Leipzig'],Leipzig,"3658","3595","8674","2087"
00a9c60c-970b-46d6-bf68-fa632d82daa7,['Sachsen'],Landkreis,AGIP ENI,['Bautzen'],Dresden,"3151","4555","25719","126"
9b739fdf-3a57-4cc7-ab24-e22c2192d35b,['Sachsen'],Stadtkreis,AGIP ENI,['Leipzig'],Leipzig,"443","3601","4846","2087"
bbd1f76b-f87f-4dd4-8d5e-d00b0cc0f262,['Sachsen'],Landkreis,AGIP ENI,['Leipzig'],Chemnitz,"8475","12749","35078","2087"
6cb5fe7c-e1d1-4031-af5f-099aba746b67,['Sachsen'],Landkreis,AGIP ENI,['Meißen'],Dresden,"744","12701","30348","167"
88573473-8347-4450-a902-b27ec698a0eb,['Sachsen'],Landkreis,AGIP ENI,['Zwickau'],Chemnitz,"2173","7206","22795","337"
9697efdc-155e-48b7-b58d-71a614ebfcbf,['Sachsen'],Stadtkreis,AGIP ENI,['Leipzig'],Leipzig,"970","610","7902","2087"
bc8c80c7-ccee-45a9-9500-eab315be5b97,['Sachsen'],Landkreis,AGIP ENI,['Görlitz'],Dresden,"1235","11210","64219","122"
1259e873-95b2-438a-af91-22d1c71e10b5,['Sachsen'],Landkreis,AGIP ENI,['Leipzig'],Leipzig,"5838","1072","17213","2087"
9516ea04-a21b-478c-aaa6-f69e690a28f8,['Sachsen'],Stadtkreis,AGIP ENI,['Chemnitz'],Chemnitz,"572","4199","1558","1134"
2209ed09-f87d-48e0-92f1-5c40c1aa7042,['Sachsen'],Landkreis,AGIP ENI,['Görlitz'],Dresden,"2241","18303","79869","122"
19d0bf4c-852e-4296-8a5f-be373894a1ac,['Sachsen'],Landkreis,AGIP ENI,['Leipzig'],Leipzig,"3641","9645","22519","2087"
b660a1dd-0c56-4360-98a3-a7ab9a4abdbc,['Sachsen'],Landkreis,AGIP ENI,['Landkreis Vogtlandkreis'],Chemnitz,"811","4535","67344","163"
5afd8cdf-ddff-4428-a24d-1bed21863513,['Sachsen'],Landkreis,AGIP ENI,['Landkreis Vogtlandkreis'],Chemnitz,"903","2964","48014","163"
f74bc0ef-912c-4eb5-a52f-022e55bc8e5e,['Sachsen'],Stadtkreis,AGIP ENI,['Dresden'],Dresden,"1170","5677","5040","1726"
0cc33bda-3773-4b47-94d2-41142e9a97ad,['Sachsen'],Landkreis,AGIP ENI,['Bautzen'],Dresden,"276","2666","53155","126"
688962a2-3dd0-458f-bcac-a4886e12da99,['Sachsen'],Stadtkreis,Bft,['Chemnitz'],Chemnitz,"1","4087","2279","1134"
17d523c1-69b3-48ad-9b6c-c27c19f6dc24,['Sachsen'],Stadtkreis,SB,['Dresden'],Dresden,"768","3352","6019","1726"
7b9aa74f-5272-46c2-907d-bfc992c2bc80,['Sachsen'],Stadtkreis,bft - Walther,['Chemnitz'],Chemnitz,"362","1955","4474","1134"
6340f935-ec62-44c4-a0a8-a89badf908a4,['Sachsen'],Landkreis,Freie Tankstelle,['Landkreis Vogtlandkreis'],Leipzig,"7936","8393","94712","163"
4e70158c-a95a-4a0c-969b-fe78319b2433,['Sachsen'],Landkreis,Esso,['Landkreis Vogtlandkreis'],Chemnitz,"811","2990","69745","163"
00060860-0005-4444-8888-acdc00000005,['Sachsen'],Landkreis,Tank & Waschcenter Auerbach,['Landkreis Vogtlandkreis'],Chemnitz,"1706","12348","51332","163"
f44a965b-6fa8-411a-aa93-c90a9d3f3b9e,['Sachsen'],Landkreis,SB,['Zwickau'],Chemnitz,"2261","8907","39532","337"
db72f35a-3dcc-4410-b874-027a783307e0,['Sachsen'],Landkreis,SB,['Mittelsachsen'],Chemnitz,"1309","2209","11005","146"
e63655a8-36b4-40ba-91f9-5ef438556e4e,['Sachsen'],Landkreis,SB,['Mittelsachsen'],Chemnitz,"5557","15111","26729","146"
0bb16757-fa71-4c60-baad-002055e7ecb2,['Sachsen'],Stadtkreis,bft,['Leipzig'],Leipzig,"443","3104","5156","2087"
4cb10b20-bad4-4013-9b77-0470b52ece3d,['Sachsen'],Landkreis,TotalEnergies,['Landkreis Erzgebirgskreis'],Chemnitz,"1918","10537","30201","186"
f8679ae1-4539-4850-f576-1c083ff25bdc,['Sachsen'],Landkreis,FTF Tankstelle Mulda,['Mittelsachsen'],Dresden,"8033","26289","35743","146"
00094444-a5ba-4444-8888-acdc00000944,['Sachsen'],Landkreis,,['Meißen'],Dresden,"1182","172","16912","167"
cd8ba6a6-05b2-1ed4-bbd6-57910cc80778,['Sachsen'],Stadtkreis,JET,['Chemnitz'],Chemnitz,"327","55","4628","1134"
1f9ec968-cc18-48bb-8177-743f916c22a2,['Sachsen'],Landkreis,Tankstelle Lukosek,['Leipzig'],Leipzig,"8","7201","19860","2087"
f462f312-6fc0-4326-b4a9-c5518c518d80,['Sachsen'],Landkreis,SB,['Bautzen'],Dresden,"1872","26928","55903","126"
9bbf6e47-eafe-4072-a7b1-9bf7fee2ba44,['Sachsen'],Landkreis,SB,['Bautzen'],Dresden,"276","2538","52909","126"
005056ba-7cb6-1ed5-acf8-8cb0dae64182,['Sachsen'],Landkreis,STAR,['Zwickau'],Chemnitz,"159","1445","36083","337"
f5a8eaa0-8ee8-46ae-ad1d-0927c1da81c7,['Sachsen'],Stadtkreis,Greenline,['Leipzig'],Leipzig,"888","2697","4511","2087"
b7f70c26-1881-40cc-65b0-f9daeb76fc8c,['Sachsen'],Landkreis,Agroservice Tankstelle Waldenburg,['Zwickau'],Chemnitz,"6480","4430","21575","337"
0da4b3e1-ed6f-4bae-c71c-d3c9e0bf2470,['Sachsen'],Landkreis,Tank & Waschcenter Kirchberg,['Zwickau'],Chemnitz,"1324","3705","37337","337"
36b1de89-11e3-529d-8f56-46d112641b04,['Sachsen'],Stadtkreis,Hoyer,['Leipzig'],Leipzig,"581","268","9634","2087"
e4339089-694a-4dbe-9af7-4fae7057fe24,['Sachsen'],Landkreis,,['Landkreis Erzgebirgskreis'],Chemnitz,"4651","21433","32088","186"
cd8ba6a6-856e-1ed6-9c90-e3996156055b,['Sachsen'],Stadtkreis,JET,['Leipzig'],Leipzig,"527","7590","4734","2087"
7d6b9173-36d6-4c91-9802-0794560c7c1c,['Sachsen'],Landkreis,Greenline,['Nordsachsen'],Leipzig,"1256","1148","12030","98"
e37859d3-5b3f-46d4-150d-f1021c2cee5e,['Sachsen'],Landkreis,bft Tankstelle Hartenstein,['Zwickau'],Chemnitz,"0","2229","25983","337"
e03f1588-4e69-4537-904a-db0a3bb62df4,['Sachsen'],Landkreis,TotalEnergies,['Meißen'],Dresden,"802","21506","41871","167"
005056a9-779e-1ee7-87bf-483f5b7a58cc,['Sachsen'],Landkreis,STAR,['Leipzig'],Leipzig,"7","3709","14035","2087"
005056a9-779e-1ed7-8988-6fa5c7da9ac8,['Sachsen'],Stadtkreis,STAR,['Leipzig'],Leipzig,"3","6555","5238","2087"
005056a9-779e-1ee7-89d2-58a3b4f13979,['Sachsen'],Stadtkreis,STAR,['Leipzig'],Leipzig,"4","1984","6213","2087"
28989f56-fe4c-4785-925d-cc0ee4e574e8,['Sachsen'],Landkreis,Greenline,['Bautzen'],Dresden,"1705","14694","47967","126"
dc411472-207f-4dd0-b9ae-1f05bdf18d65,['Sachsen'],Landkreis,Supermarkt C&C,['Görlitz'],Dresden,"0","2604","87074","122"
a1978958-a6c4-447b-a90c-3d189da0f831,['Sachsen'],Stadtkreis,Globus SB Warenhaus,['Chemnitz'],Chemnitz,"1600","155","5124","1134"
cd8ba6a6-1d86-1ed7-9aff-82fb2a3c9a7d,['Sachsen'],Stadtkreis,JET,['Dresden'],Dresden,"1043","4095","6230","1726"
c01d9551-0891-40ff-7f3a-1efcd037a972,['Sachsen'],Landkreis,Tankstelle Lukosek,['Leipzig'],Leipzig,"8","7208","19868","2087"
28e4f095-5a46-4651-abcd-a37838a87859,['Sachsen'],Landkreis,ARAL,['Bautzen'],Dresden,"1631","28","50001","126"
91fb170e-e7ce-4ef3-bdf1-835fba2d3ae6,['Sachsen'],Landkreis,Greenline,['Sächsische Schweiz-Osterzgebirge'],Dresden,"3625","9919","17146","148"
582085ac-1e54-42fd-bf2a-36219da1ae43,['Sachsen'],Landkreis,HEM,['Zwickau'],Chemnitz,"189","1802","33247","337"
e4f38ac0-e749-4248-ac9e-444c424835f5,['Sachsen'],Landkreis,bft,['Landkreis Erzgebirgskreis'],Chemnitz,"440","31713","26696","186"
68b91cfd-8334-4d0a-b493-40d555fd9ead,['Sachsen'],Landkreis,Shell,['Sächsische Schweiz-Osterzgebirge'],Dresden,"61","12699","24346","148"
f288bc90-7815-4a0e-8442-6c77de7c96bc,['Sachsen'],Landkreis,bft,['Nordsachsen'],Chemnitz,"708","6887","46206","98"
d916b480-038c-48ae-9177-baca1ce27213,['Sachsen'],Landkreis,ARAL,['Landkreis Vogtlandkreis'],Chemnitz,"49","130","71316","163"
1a0f4068-6ec9-495a-ad0b-4080b747bc5a,['Sachsen'],Landkreis,Sprint,['Bautzen'],Dresden,"17","28314","58409","126"
fc6382bd-bf32-400f-8144-3a77fee50cbd,['Sachsen'],Landkreis,TotalEnergies Truckstop,['Bautzen'],Dresden,"2018","315","15789","126"
2413b92f-2ad3-45b9-8527-a274f3a41426,['Sachsen'],Landkreis,Shell,['Nordsachsen'],Leipzig,"5","18418","24252","98"
2c9a323e-154c-4afd-8858-2b4010a1112b,['Sachsen'],Landkreis,Greenline,['Landkreis Erzgebirgskreis'],Chemnitz,"1804","7762","31433","186"
ce241717-8e01-1ed9-b59a-e489f23c02dd,['Sachsen'],Landkreis,JET,['Leipzig'],Leipzig,"383","472","26397","2087"
50202d39-aace-41bb-9ea8-3de6c058e17b,['Sachsen'],Stadtkreis,OIL!,['Leipzig'],Leipzig,"7","5370","1861","2087"
edf93300-d909-45fb-8af3-9c32346a6127,['Sachsen'],Landkreis,Freie Tankstelle,['Mittelsachsen'],Chemnitz,"3974","822","21216","146"
00913a77-3a6b-4ad6-a03b-0aeb7417b940,['Sachsen'],Landkreis,Gulf,['Görlitz'],Dresden,"0","21178","82918","122"
9c454a18-de19-4da7-97df-5c5029d807c5,['Sachsen'],Landkreis,Sprint,['Sächsische Schweiz-Osterzgebirge'],Dresden,"16","16833","33769","148"
a1177a22-0453-11ea-b951-005056a2a083,['Sachsen'],Landkreis,CLASSIC,['Mittelsachsen'],Chemnitz,"18","5244","12672","146"
92ce9c0c-c23c-4ca1-ad87-10eaf6e3e1ad,['Sachsen'],Landkreis,Shell,['Landkreis Erzgebirgskreis'],Chemnitz,"11","210","17383","186"
3719cdb5-ac34-41f1-9ead-21288ffdf276,['Sachsen'],Landkreis,Q1,['Landkreis Erzgebirgskreis'],Chemnitz,"3","14113","14570","186"
4b7f788b-b7a6-44a3-ad9a-984b9034a739,['Sachsen'],Landkreis,Greenline,['Bautzen'],Dresden,"3962","5445","36943","126"
b26c40f8-7891-45e5-8db4-93e9ce0f4a48,['Sachsen'],Landkreis,Greenline,['Meißen'],Dresden,"273","23027","48415","167"
e1c61609-e491-4a14-94b1-b97821b38531,['Sachsen'],Stadtkreis,Greenline,['Chemnitz'],Chemnitz,"1","4087","2278","1134"
07142d72-6c7e-4cdb-90f1-9288bbb764be,['Sachsen'],Landkreis,TotalEnergies,['Landkreis Erzgebirgskreis'],Chemnitz,"1477","1141","18250","186"
3593d8c1-4187-4177-866c-d14a4ceed943,['Sachsen'],Landkreis,Freie Tankstelle,['Leipzig'],Chemnitz,"1251","1608","29846","2087"
3b207ac2-4b54-41e8-99ac-70f7f54e7b50,['Sachsen'],Landkreis,Marktkauf,['Görlitz'],Dresden,"0","2604","87074","122"
e5698c43-fa80-4404-925f-1ec278f6dd45,['Sachsen'],Stadtkreis,Access,['Dresden'],Dresden,"0","3376","7005","1726"
7221415e-d627-40c6-be7f-285cf6744492,['Sachsen'],Stadtkreis,Greenline,['Chemnitz'],Chemnitz,"1","2839","2412","1134"
0d3281ef-fc03-42f5-947b-2f559ac37d39,['Sachsen'],Landkreis,SB,['Landkreis Vogtlandkreis'],Chemnitz,"4","3482","47230","163"
7ae497c0-e077-46d3-84fa-26db1434e48d,['Sachsen'],Stadtkreis,HEM,['Chemnitz'],Chemnitz,"9","1037","3611","1134"
39e85793-60c3-459a-892d-988f381aebcb,['Sachsen'],Landkreis,Agip,['Sächsische Schweiz-Osterzgebirge'],Dresden,"0","12784","24395","148"
6273e56e-0a57-e01a-1e03-a06ed459f278,['Sachsen'],Landkreis,NORDOEL,['Leipzig'],Leipzig,"0","11843","26177","2087"
83423c68-7273-4782-86a7-2b58417868d4,['Sachsen'],Stadtkreis,JET,['Dresden'],Dresden,"115","1294","6253","1726"
c0dd0a4d-5c78-40b6-9b1a-8b0a28047a67,['Sachsen'],Stadtkreis,HEM,['Dresden'],Dresden,"21","2250","4878","1726"
d7da03f5-eb52-4420-880b-c70b65d6fb1d,['Sachsen'],Landkreis,TotalEnergies,['Nordsachsen'],Leipzig,"0","126","15164","98"
7da03f5e-b524-4208-80bc-70b65d6fb1d6,['Sachsen'],Landkreis,TotalEnergies Autohof,['Nordsachsen'],Leipzig,"0","126","15164","98"
225c38f8-2907-44e0-8fe8-857a95fddc3c,['Sachsen'],Landkreis,GULF,['Nordsachsen'],Chemnitz,"3152","4151","44322","98"
07e7eb97-2f6c-4525-8112-fc96cc8971ba,['Sachsen'],Landkreis,GULF,['Nordsachsen'],Chemnitz,"5797","866","43576","98"
80364b4e-e195-46d7-9abf-60bc08153e00,['Sachsen'],Landkreis,Access,['Bautzen'],Dresden,"0","9778","35264","126"
bea01536-0ddf-489a-a8e0-0c768ca9a795,['Sachsen'],Landkreis,EPT,['Sächsische Schweiz-Osterzgebirge'],Dresden,"162","1894","11125","148"
0050569a-edd1-1eed-8e96-631b1b585775,['Sachsen'],Landkreis,HEM,['Zwickau'],Chemnitz,"162","4674","32594","337"
14e1a4b7-405d-4fbf-a270-6e66c75203a1,['Sachsen'],Stadtkreis,Greenline,['Dresden'],Dresden,"4","3080","2772","1726"
5f753b91-9bd5-4dba-9a12-185f574fc7d0,['Sachsen'],Stadtkreis,Greenline,['Dresden'],Dresden,"5","2708","4993","1726"
daabec4d-c858-466c-a7dd-0b06197a5504,['Sachsen'],Landkreis,ARAL,['Bautzen'],Dresden,"0","73","44260","126"
29168e4c-5ae6-41a5-a695-5f69498c4f5c,['Sachsen'],Landkreis,ARAL,['Landkreis Vogtlandkreis'],Chemnitz,"16","73","65896","163"
005056a9-4231-1edd-999e-0b6ecfada843,['Sachsen'],Landkreis,AGIP ENI,['Landkreis Vogtlandkreis'],Chemnitz,"1","81","71326","163"
eadb4305-4919-4d08-9605-5e5e0cda8d87,['Sachsen'],Landkreis,Raiffeisen,['Leipzig'],Leipzig,"1209","336","26890","2087"
414bded4-f199-4a27-91f3-c1b062a8dd52,['Sachsen'],Landkreis,ARAL,['Görlitz'],Dresden,"0","264","83558","122"
332cc1e3-df2d-47a7-bdef-5f70636c278c,['Sachsen'],Landkreis,SB,['Zwickau'],Chemnitz,"0","551","16090","337"
50226715-bef3-4894-a2d9-1bb7f80bc374,['Sachsen'],Landkreis,,['Nordsachsen'],Leipzig,"232","2403","10792","98"
